0.24357,0.17105,0.19368,0.14234,0.18951,0.17127,0.31259,0.017508,0.059662,0.19892,0.20723,0.2906,0.24267,0.26211,0.024641,0.33128,0.24137,0.33441,0.0036615,0.2352,0.17308,0.21844,0.062606,0.044678,0.13431,0.011758,0.24653,0.26858,0.11371,0.028284,0.31478,0.24356,0.044651,0.24667,0.08928,0.066811,0.3227,0.26341,0.088592,0.17901,0.075175,0.23705,0.13951,0.071667,0.14543,0.09572,0.041289,0.22543,0.11308,0.28948,0.12617,0.050321,0.28844,0.21617,0.15173,0.18951,0.12039,0.041502,0.1602,0.10499,0.21077,0.23634,0.13668,0.17024,0.11679,0.18031,0.22761,0.31719,0.17975,0.28096,0.016288,0.24207,0.28444,0.25559,0.2507,0.13985,0.12465,0.13832,0.22005,0.00094058,0.058472,0.26864,0.15872,0.13826,0.14038,0.13153,0.18596,0.18444,0.10562,0.30449,0.2657,0.038093,0.23851,0.28127,0.1101,0.054547,0.0080485,0.10656,0.023,0.23848,0.16988,0.042743,0.076841,0.12362,0.090871,0.18559,0.14285,0.19201,0.26913,0.032028,0.21393,0.25653,0.19483,0.11768,0.058657,0.22987,0.31819,0.31374,0.29101,0.18989,0.098834,0.20992,0.22579,0.11522,0.19312,0.05723,0.092052,0.26222,0.18381,0.2156,0.30368,0.059745,0.29477,0.13906,0.070018,0.013256,0.18223,0.21632,0.0027107,0.12663,0.13558,0.16764,0.015351,0.051533,0.30093,0.16151,0.1696,0.18262,0.067188,0.010915,0.069604,0.13246,0.18976,0.18633,0.011487,0.14209,0.20051,0.053978,0.067615,0.18495,0.16042,0.10827,0.01963,0.29815,0.25385,0.34896,0.02583,0.14415,0.27332,0.26799,0.24516,0.24129,0.14434,0.28209,0.23596,0.23731,0.44457,0.1081,0.2566,0.31287,0.2128,0.21861,0.10579,0.19778,0.20511,0.059444,0.0084651,0.24197,0.049208,0.025449,0.028817,0.2355,0.035352,0.095928,0.22838,0.035617,0.16412,0.035795,0.13361,0.2181
0.29636,0.23846,0.30718,0.11065,0.038239,0.21538,0.021153,0.2247,0.045093,0.13398,0.06249,0.080571,0.083693,0.186,0.21855,0.16044,0.13784,0.099816,0.041672,0.079116,0.25401,0.036199,0.12927,0.17233,0.2634,0.1819,0.081503,0.0070923,0.29998,0.14933,0.064094,0.025814,0.1538,0.05873,0.27165,0.18398,0.047369,0.27899,0.26312,0.20859,0.23354,0.22865,0.28809,0.085011,0.075412,0.15557,0.0038305,0.22386,0.13062,0.18354,0.15228,0.13536,0.2165,0.31542,0.21349,0.22771,0.28534,0.058345,0.077325,0.058984,0.35226,0.24181,0.32776,0.036771,0.28104,0.26992,0.22479,0.26367,0.19384,0.18674,0.0083825,0.14585,0.077405,0.16964,0.0082274,0.040948,0.15313,0.36618,0.097297,0.13595,0.27847,0.19533,0.073552,0.28698,0.24661,0.41074,0.1743,0.1841,0.26287,0.052276,0.046891,0.33054,0.26838,0.070735,0.18298,0.13354,0.22795,0.28411,0.10325,0.21205,0.18103,0.17819,0.30133,0.15798,0.10996,0.254,0.28359,0.20309,0.083242,0.012768,0.18561,0.053727,0.1979,0.063386,0.19627,0.14568,0.23566,0.26979,0.15271,0.42001,0.068214,0.10663,0.050305,0.23017,0.18565,0.1062,0.20238,0.086971,0.17926,0.21107,0.079033,0.15681,0.29578,0.24227,0.21114,0.22306,0.19574,0.1201,0.17889,0.13385,0.25325,0.21908,0.11005,0.094632,0.229,0.16314,0.20675,0.0791,0.033164,0.076556,0.16249,0.21459,0.044346,0.20855,0.095034,0.28527,0.19893,0.16118,0.17635,0.22348,0.33277,0.11997,0.24102,0.26382,0.21971,0.072305,0.17808,0.21476,0.10433,0.078264,0.24612,0.21295,0.20801,0.29342,0.23951,0.035001,0.099503,0.088096,0.13824,0.38181,0.24807,0.16557,0.30392,0.20024,0.21362,0.12226,0.24014,0.27477,0.11535,0.27204,0.0011989,0.01934,0.097794,0.20822,0.21372,0.21213,0.24782,0.20055,0.15546,0.06042
0.18129,0.1289,0.20793,0.14313,0.26935,0.19425,0.15371,0.1025,0.33732,0.053991,0.059068,0.33095,0.063643,0.35132,0.25216,0.039095,0.21063,0.10069,0.23382,0.055001,0.12839,0.24703,0.22276,0.14033,0.082967,0.18196,0.24672,0.0074664,0.23487,0.18911,0.15349,0.0061198,0.35077,0.31921,0.0036432,0.074473,0.16323,0.17489,0.20037,0.19207,0.14978,0.16367,0.20396,0.33019,0.21006,0.18401,0.44203,0.017411,0.1372,0.26104,0.12176,0.2327,0.17703,0.021227,0.2991,0.0087012,0.25186,0.07572,0.232,0.27824,0.13794,0.18161,0.33118,0.25173,0.31846,0.27341,0.20566,0.11312,0.15136,0.2098,0.28462,0.27103,0.18866,0.085904,0.23287,0.20419,0.24508,0.3434,0.2663,0.30605,0.23578,0.20862,0.034123,0.26927,0.031852,0.29622,0.24546,0.13539,0.073901,0.30932,0.22219,0.13161,0.017615,0.18177,0.097502,0.20791,0.24419,0.16908,0.36571,0.17059,0.11142,0.21852,0.33063,0.040968,0.010234,0.12712,0.040227,0.13108,0.048646,0.27189,0.07381,0.14548,0.093271,0.24822,0.082826,0.17809,0.14375,0.0092419,0.17736,0.070152,0.20016,0.053258,0.054599,0.25145,0.087121,0.31903,0.024597,0.20326,0.17071,0.099841,0.040131,0.041374,0.17578,0.23311,0.13019,0.30606,0.30652,0.15459,0.059222,0.17433,0.13751,0.060041,0.17511,0.099492,0.023495,0.032236,0.019665,0.032271,0.30462,0.17351,0.086304,0.25285,0.31168,0.22729,0.16304,0.068106,0.17955,0.20956,0.13058,0.21182,0.21964,0.23164,0.12264,0.020793,0.11498,0.051118,0.16593,0.14574,0.3092,0.17814,0.05726,0.23286,0.05042,0.046349,0.011123,0.25621,0.13014,0.17394,0.18017,0.16711,0.012465,0.27294,0.066857,0.18669,0.12578,0.2487,0.17509,0.27231,0.25003,0.12227,0.45948,0.065466,0.34474,0.23719,0.10633,0.079066,0.071592,0.10271,0.21262,0.16119
0.03223,0.066172,0.037478,0.070862,0.24673,0.18354,0.17438,0.25812,0.19914,0.23523,0.25622,0.24797,0.063867,0.043016,0.049754,0.25016,0.25085,0.047001,0.14318,0.27515,0.055825,0.23571,0.24261,0.033621,0.23889,0.18138,0.17071,0.20402,0.26005,0.22345,0.018004,0.18396,0.26867,0.36976,0.31693,0.0006081,0.25736,0.08999,0.056612,0.19737,0.22504,0.0063234,0.18868,0.066163,0.21137,0.18912,0.32389,0.25665,0.17055,0.10017,0.13374,0.33138,0.12502,0.32304,0.15057,0.073778,0.14627,0.20564,0.10659,0.29392,0.043777,0.25521,0.17591,0.11817,0.027122,0.059559,0.15338,0.16826,0.082935,0.20024,0.3464,0.11121,0.20218,0.080468,0.16011,0.0041987,0.24313,0.13661,0.082443,0.13036,0.21384,0.24495,0.093948,0.17614,0.16751,0.014211,0.15303,0.29358,0.01888,0.091195,0.27313,0.25407,0.24987,0.02072,0.15885,0.32605,0.022146,0.25558,0.11424,0.2473,0.19799,0.21229,0.18616,0.23356,0.063237,0.21201,0.20133,0.093007,0.21558,0.013117,0.17154,0.1005,0.019379,0.064278,0.056124,0.18218,0.088375,0.060826,0.22153,0.21755,0.23233,0.2173,0.12949,0.28102,0.12632,0.15377,0.2314,0.098684,0.084196,0.13351,0.25238,0.051852,0.10815,0.2293,0.32351,0.19582,0.094416,0.25274,0.22078,0.30098,0.26952,0.23597,0.1081,0.041698,0.010044,0.25946,0.26396,0.35142,0.41451,0.20496,0.22372,0.23788,0.24972,0.10829,0.25895,0.18456,0.17234,0.16195,0.16719,0.23266,0.22758,0.33091,0.24651,0.21092,0.10773,0.3747,0.29187,0.24427,0.25015,0.10777,0.1892,0.1798,0.092318,0.17326,0.078668,0.30856,0.014396,0.19037,0.062521,0.099631,0.26497,0.24619,0.10182,0.12028,0.18213,0.19855,0.20311,0.14848,0.17596,0.25178,0.13088,0.052625,0.37746,0.053007,0.12295,0.21216,0.039161,0.20237,0.17666,0.23509
0.059206,0.27716,0.33745,0.28041,0.049411,0.23359,0.1609,0.26241,0.14226,0.25305,0.11192,0.0087535,0.15513,0.17372,0.12537,0.17541,0.14366,0.11081,0.07283,0.16281,0.21951,0.14815,0.091792,0.31164,0.13125,0.23562,0.27843,0.021743,0.0037866,0.066721,0.20863,0.29113,0.24498,0.045341,0.17006,0.24456,0.23705,0.0081633,0.083865,0.21542,0.17318,0.1919,0.061558,0.17747,0.28897,0.20414,0.072804,0.14465,0.25721,0.21372,0.030033,0.27544,0.21037,0.043865,0.19597,0.33378,0.041006,0.045935,0.12145,0.15022,0.24634,0.068918,0.11772,0.1538,0.12001,0.18444,0.25831,0.30917,0.26631,0.17758,0.20874,0.26435,0.25062,0.054558,0.1816,0.22693,0.17,0.032589,0.22611,0.12041,0.12364,0.19144,0.24195,0.04758,0.097106,0.0664,0.083278,0.24018,0.31899,0.12648,0.18044,0.27885,0.049369,0.26424,0.10434,0.055866,0.26301,0.07284,0.21488,0.23669,0.26219,0.13728,0.037264,0.16782,0.16484,0.25982,0.2453,0.16237,0.61317,0.33581,0.27674,0.02969,0.25776,0.30931,0.060755,0.24499,0.12431,0.20984,0.30499,0.16978,0.17293,0.15283,0.2223,0.11307,0.19218,0.072652,0.24869,0.24634,0.22622,0.23296,0.14222,0.25645,0.049895,0.11249,0.049924,0.227,0.093077,0.21717,0.31731,0.11081,0.20138,0.21518,0.15438,0.0047594,0.078967,0.11308,0.26571,0.0018954,0.055073,0.18958,0.21919,0.18233,0.22547,0.21608,0.057484,0.0035573,0.082742,0.10696,0.19386,0.18181,0.059333,0.33849,0.005531,0.22063,0.18422,0.23656,0.30346,0.12875,0.058344,0.13818,0.11123,0.12034,0.040972,0.051694,0.093422,0.025145,0.15009,0.26634,0.088567,0.0034283,0.18709,0.16152,0.22397,0.16341,0.25637,0.14951,0.015775,0.067619,0.19751,0.17891,0.15459,0.27217,0.062638,0.39338,0.11756,0.12236,0.18322,0.29431,0.25169,0.088509
0.051085,0.15402,0.038914,0.248,0.082064,0.0086517,0.26191,0.11172,0.2655,0.17669,0.26085,0.24079,0.23683,0.0052914,0.12227,0.027232,0.077887,0.3664,0.2763,0.19196,0.22575,0.12584,0.12744,0.010666,0.14975,0.0097403,0.094691,0.17397,0.16453,0.21678,0.025977,0.21826,0.028492,0.0057136,0.11877,0.19633,0.098829,0.29543,0.19328,0.31374,0.23107,0.16489,0.15464,0.13724,0.014158,0.15087,0.2215,0.16638,0.32003,0.065689,0.03394,0.13503,0.098619,0.023566,0.18215,0.072376,0.13834,0.15436,0.22306,0.28009,0.096132,0.010248,0.1381,0.17951,0.21908,0.17203,0.11184,0.063997,0.16179,0.18383,0.03317,0.031808,0.29879,0.15213,0.22722,0.20351,0.17333,0.046793,0.2731,0.228,0.0056477,0.20915,0.2558,0.091922,0.25404,0.015377,0.035966,0.17812,0.12659,0.20514,0.27885,0.11991,0.015442,0.30183,0.32017,0.094472,0.23105,0.24812,0.078824,0.017761,0.020928,0.2522,0.045109,0.23656,0.041179,0.16838,0.20114,0.27281,0.042389,0.16544,0.17928,0.17465,0.14674,0.14822,0.057474,0.13687,0.16536,0.1715,0.0014619,0.21945,0.14037,0.13266,0.194,0.025405,0.30507,0.37282,0.082363,0.30735,0.22074,0.20767,0.29949,0.11041,0.29459,0.20346,0.077197,0.066691,0.19749,0.065452,0.27649,0.14797,0.25867,0.059474,0.049483,0.33455,0.090511,0.18434,0.10497,0.18954,0.22467,0.2404,0.28552,0.049022,0.070376,0.14008,0.29195,0.18952,0.28904,0.2682,0.16961,0.23774,0.26175,0.16217,0.24891,0.065556,0.25714,0.07664,0.19922,0.1393,0.12902,0.32047,0.1198,0.09844,0.26416,0.094665,0.11606,0.22457,0.072936,0.089509,0.070689,0.00049357,0.16759,0.052515,0.1978,0.002459,0.069888,0.05016,0.23014,0.20884,0.2148,0.03984,0.0098497,0.2619,0.060764,0.066507,0.19785,0.23738,0.22326,0.0083878,0.23072,0.15557
0.077775,0.14203,0.21855,0.1256,0.093942,0.15622,0.27525,0.26441,0.088226,0.2942,0.23449,0.20063,0.24895,0.23029,0.29519,0.061233,0.14769,0.26222,0.23673,0.24576,0.11086,0.17475,0.021528,0.16161,0.032176,0.2366,0.086498,0.34339,0.022478,0.23393,0.1502,0.0061288,0.011877,0.017541,0.090117,0.31957,0.0085536,0.019934,0.25379,0.24617,0.017157,0.036006,0.038322,0.026672,0.30883,0.13184,0.058868,0.18798,0.032789,0.082891,0.2662,0.10585,0.035652,0.28202,0.10746,0.29383,0.28769,0.28942,0.14595,0.13836,0.090463,0.2,0.087707,0.13388,0.2039,0.086403,0.27733,0.11914,0.18056,0.10377,0.3202,0.088556,0.063312,0.2421,0.012103,0.29081,0.24576,0.051352,0.22403,0.014834,0.24984,0.0053138,0.056876,0.19185,0.10492,0.071418,0.028277,0.013525,0.1047,0.021051,0.16164,0.03827,0.16546,0.093841,0.24402,0.16022,0.11419,0.080197,0.050106,0.20501,0.071378,0.27701,0.038907,0.144,0.11979,0.24793,0.25644,0.19832,0.37583,0.16722,0.047751,0.13124,0.27816,0.21087,0.33384,0.21921,0.097219,0.11855,0.3056,0.20269,0.16822,0.077367,0.079417,0.0010759,0.22167,0.08037,0.20761,0.00011688,0.19323,0.19605,0.13071,0.32294,0.15094,0.057687,0.32145,0.29893,0.14882,0.17109,0.023042,0.076247,0.13766,0.1843,0.23047,0.28341,0.11185,0.14634,0.0035403,0.28964,0.31995,0.24771,0.23969,0.18691,0.20563,0.12657,0.17379,0.04308,0.035844,0.1908,0.1868,0.19391,0.058707,0.0049171,0.081083,0.12423,0.081641,0.028907,0.27487,0.052563,0.22832,0.099485,0.3025,0.1254,0.27909,0.19603,0.14222,0.14521,0.012324,0.33471,0.22098,0.13186,0.205,0.070462,0.02381,0.26318,0.2403,0.16095,0.11729,0.21819,0.0082412,0.23481,0.028319,0.26722,0.16026,0.16742,0.1185,0.14751,0.054133,0.22524,0.078986,0.14121
0.073301,0.24988,0.016863,0.2738,0.25248,0.16575,0.075407,0.31252,0.11684,0.27938,0.0638,0.14882,0.27662,0.27814,0.29046,0.14,0.17858,0.10722,0.30277,0.33303,0.027119,0.16417,0.33439,0.27013,0.2578,0.25581,0.21097,0.089797,0.31405,0.22528,0.27308,0.13303,0.31542,0.048702,0.040215,0.15646,0.11648,0.17296,0.20635,0.0071165,0.23149,0.088732,0.26975,0.33006,0.19189,0.24208,0.065519,0.25479,0.16979,0.34596,0.28331,0.26856,0.24108,0.27145,0.17445,0.344,0.010883,0.043831,0.1891,0.086407,0.20472,0.11083,0.1745,0.034395,0.0073966,0.23611,0.11415,0.064125,0.059587,0.26824,0.28642,0.27015,0.028198,0.12015,0.24368,0.26737,0.13597,0.17608,0.031178,0.26204,0.0059892,0.12002,0.17974,0.27465,0.27954,0.2731,0.23399,0.25487,0.048959,0.2525,0.27605,0.28736,0.12057,0.17754,0.3495,0.27678,0.13352,0.23659,0.072223,0.20589,0.23775,0.12557,0.3328,0.14177,0.19167,0.034019,0.29801,0.011215,0.13016,0.12773,0.22785,0.17364,0.064566,0.079154,0.31058,0.058439,0.11344,0.14354,0.020142,0.0057819,0.20274,0.15255,0.27193,0.14924,0.0066636,0.2054,0.12013,0.32729,0.18736,0.19196,0.24495,0.17093,0.027221,0.10482,0.22774,0.14457,0.1167,0.17252,0.17425,0.29921,0.10828,0.23495,0.27018,0.22641,0.11842,0.1997,0.19757,0.26576,0.16075,0.1053,0.18428,0.028341,0.27137,0.053818,0.010005,0.20811,0.26993,0.25443,0.12913,0.056519,0.16685,0.15109,0.32187,0.13089,0.098937,0.071149,0.079021,0.048333,0.10634,0.12933,0.02002,0.24284,0.21529,0.17233,0.162,0.13122,0.062482,0.24009,0.053877,0.31776,0.12555,0.07727,0.27612,0.28291,0.23855,0.13001,0.19172,0.052218,0.30296,0.30825,0.26037,0.10686,0.052913,0.14922,0.16289,0.1679,0.15161,0.31507,0.20669,0.30317
0.34012,0.078363,0.21926,0.062343,0.18623,0.25778,0.10722,0.074178,0.00049143,0.018652,0.25244,0.14032,0.31168,0.13692,0.11873,0.23446,0.25318,0.051112,0.3004,0.07955,0.18775,0.065216,0.15826,0.29301,0.17057,0.10666,0.23637,0.17253,0.1865,0.099649,0.040122,0.28667,0.0087714,0.29169,0.18642,0.3494,0.044134,0.047821,0.18493,0.011251,0.32073,0.16439,0.062795,0.38872,0.094421,0.18378,0.1674,0.13513,0.26403,0.2303,0.17828,0.0047126,0.24626,0.09154,0.12413,0.073653,0.11847,0.26099,0.055645,0.11018,0.012826,0.16089,0.3078,0.1598,0.27551,0.12816,0.0034004,0.23268,0.14106,0.061984,0.32729,0.19317,0.36338,0.055259,0.24223,0.20305,0.0050309,0.046603,0.086316,0.33524,0.2833,0.1975,0.32512,0.20793,0.26666,0.27504,0.28614,0.18146,0.0064674,0.25503,0.10876,0.28518,0.14006,0.030056,0.025673,0.041276,0.2692,0.08351,0.43625,0.07159,0.20688,0.01668,0.15871,0.15854,0.34343,0.047132,0.08408,0.15872,0.075956,0.34048,0.22792,0.27562,0.2734,0.066454,0.1668,0.22493,0.14217,0.24995,0.019224,0.10962,0.13284,0.26676,0.11983,0.2599,0.25932,0.023646,0.3084,0.29937,0.21376,0.20491,9.9433e-05,0.074231,0.18217,0.13843,0.086387,0.12381,0.14607,0.086645,0.23227,0.056014,0.2254,0.062927,0.31334,0.252,0.33177,0.18027,0.23924,0.13517,0.012527,0.12337,0.013773,0.14483,0.11531,0.12626,0.11997,0.22536,0.013679,0.13976,0.31465,0.12595,0.084328,0.085055,0.32897,0.075335,0.19762,0.30811,0.19456,0.22553,0.19627,0.2452,0.28842,0.05085,0.087161,0.31997,0.16944,0.02351,0.20272,0.030238,0.17789,0.15115,0.22849,0.030527,0.10424,0.0593,0.17706,0.23992,0.16469,0.0029442,0.28078,0.29126,0.61354,0.066858,0.27202,0.26026,0.28314,0.27135,0.22319,0.011731,0.068724,0.28875
0.28959,0.28301,0.025253,0.29377,0.28266,0.062379,0.18604,0.063379,0.0046838,0.043943,0.052183,0.053817,0.077688,0.055251,0.11217,0.21278,0.062537,0.15131,0.083521,0.1999,0.084586,0.19617,0.16595,0.10737,0.22942,0.20134,0.01382,0.078302,0.058086,0.01577,0.2742,0.1765,0.31976,0.30803,0.27218,0.24385,0.047703,0.25727,0.089334,0.13785,0.032337,0.21586,0.30598,0.17292,0.15205,0.084688,0.057806,0.0061971,0.048557,0.10949,0.0090547,0.15903,0.25477,0.1092,0.31505,0.25689,0.16391,0.33119,0.28907,0.1896,0.22687,0.22933,0.099936,0.16229,0.27923,0.10245,0.14464,0.18506,0.10319,0.091759,0.15666,0.1233,0.12398,0.31071,0.11552,0.12992,0.27651,0.20897,0.088947,0.093803,0.28545,0.075304,0.0036098,0.066452,0.075033,0.33848,0.027512,0.02321,0.33505,0.17056,0.042668,0.015352,0.32187,0.26809,0.048544,0.27013,0.25701,0.055499,0.33777,0.085533,0.13486,0.053506,0.029201,0.28487,0.30758,0.19915,0.02528,0.15165,0.0018196,0.22961,0.16096,0.25488,0.20092,0.2353,0.31879,0.11988,0.22766,0.073569,0.29053,0.16958,0.13626,0.015326,0.19995,0.20232,0.0019364,0.28475,0.28343,0.13482,0.16333,0.016918,0.31521,0.28948,0.1412,0.22419,0.25244,0.22789,0.36935,0.18769,0.25002,0.23069,0.088015,0.18117,0.24354,0.26967,0.26954,0.15469,0.13266,0.076096,0.014613,0.14415,0.10125,0.25269,0.18859,0.16833,0.28819,0.23426,0.11963,0.095031,0.20613,0.0165,0.28881,0.23522,0.074559,0.22545,0.09613,0.11847,0.068714,0.047026,0.083077,0.35482,0.16662,0.20519,0.15442,0.02289,0.27104,0.27225,0.40186,0.10747,0.25592,0.17264,0.080822,0.1325,0.15967,0.24566,0.044567,0.14188,0.19996,0.29559,0.17529,0.16517,0.074395,0.22362,0.02626,0.11326,0.14772,0.31076,0.30815,0.086464,0.2053,0.19688
0.24864,0.1788,0.26625,0.022931,0.2503,0.23573,0.18926,0.20276,0.3641,0.25361,0.23219,0.1493,0.082891,0.25978,0.090694,0.32719,0.243,0.33567,0.08341,0.073198,0.29762,0.12437,0.29429,0.13645,0.18305,0.091412,0.24772,0.32467,0.27383,0.2718,0.1812,0.019988,0.24233,0.27288,0.22587,0.15381,0.32667,0.15524,0.15941,0.12001,0.14157,0.25107,0.12462,0.023525,0.11941,0.11629,0.24436,0.23412,0.17263,0.066492,0.31013,0.13456,0.0021795,0.089592,0.047031,0.028922,0.23159,0.21971,0.13572,0.11083,0.06164,0.12036,0.0053189,0.31595,0.12135,0.11718,0.11834,0.044619,0.21273,0.1821,0.0018096,0.041542,0.045128,0.18026,0.12674,0.28554,0.046244,0.26275,0.14393,0.05058,0.08435,0.049107,0.32422,0.066967,0.18208,0.10194,0.24312,0.13121,0.44356,0.087336,0.14144,0.093514,0.29573,0.097866,0.090338,0.13646,0.046357,0.18665,0.20339,0.043305,0.24685,0.20644,0.22441,0.23758,0.23008,0.061558,0.20621,0.1173,0.052346,0.20219,0.1407,0.18713,0.12478,0.2476,0.21691,0.16099,0.22938,0.29811,0.083078,0.013917,0.21847,0.31263,0.24528,0.18611,0.28353,0.1772,0.18729,0.0060906,0.11634,0.072146,0.17098,0.32084,0.26983,0.25029,0.074848,0.12829,0.12474,0.12086,0.11403,0.17357,0.023038,0.13905,0.13008,0.24237,0.11182,0.15351,0.1184,0.23652,0.22465,0.24371,0.20058,0.18806,0.0023226,0.20484,0.32258,0.30044,0.24682,0.0852,0.11207,0.17017,0.091135,0.038221,0.085967,0.26177,0.20894,0.015312,0.059712,0.31244,0.21394,0.014178,0.06944,0.055264,0.23358,0.098522,0.15544,0.28469,0.39119,0.20761,0.179,0.18783,0.049413,0.3005,0.18332,0.18823,0.094232,0.25717,0.21873,0.16059,0.10575,0.013604,0.15405,0.2404,0.28532,0.11084,0.071814,0.10834,0.058039,0.23061,0.21281,0.11293
0.10683,0.032158,0.13119,0.22617,0.059069,0.11546,0.082169,0.10579,0.37668,0.058362,0.20711,0.10748,0.15634,0.018166,0.3,0.040728,0.052763,0.033334,0.22171,0.069322,0.2355,0.26395,0.14909,0.31816,0.12641,0.30581,0.086035,0.30844,0.068131,0.27991,0.29622,0.40883,0.010477,0.015737,0.21487,0.010148,0.32991,0.2359,0.22034,0.17141,0.16894,0.25146,0.1621,0.19038,0.188,0.26189,0.30071,0.1474,0.1835,0.051228,0.35511,0.16707,0.10407,0.21291,0.038873,0.096857,0.20425,0.27335,0.26391,0.19818,0.31627,0.18444,0.097387,0.28347,0.030105,0.19002,0.16054,0.11896,0.26688,0.053001,0.010016,0.21697,0.07391,0.29324,0.199,0.0036783,0.18116,0.19036,0.2603,0.32179,0.17522,0.23462,0.25233,0.182,0.15427,0.0055513,0.30297,0.17993,0.15443,0.12462,0.002237,0.12727,0.11713,0.21205,0.26798,0.24275,0.18332,0.22126,0.0003578,0.2658,0.15884,0.27957,0.23864,0.072726,0.32715,0.20328,0.015545,0.30842,0.091729,0.1017,0.093907,0.21693,0.1483,0.20951,0.14098,0.098872,0.11449,0.08135,0.13236,0.21158,0.22864,0.30279,0.20712,0.18504,0.13742,0.14693,0.011654,0.02748,0.061024,0.21737,0.021121,0.14495,0.0096626,0.064886,0.17516,0.044642,0.024835,0.23484,0.15098,0.16969,0.1617,0.24023,0.19992,0.099481,0.32365,0.25172,0.27795,0.15998,0.16829,0.23983,0.2136,0.13003,0.12542,0.23356,0.20751,0.11564,0.19099,0.27296,0.14602,0.1645,0.048674,0.19405,0.2233,0.10246,0.17912,0.29776,0.15874,0.29713,0.047691,0.066185,0.18423,0.23478,0.23023,0.24879,0.32512,0.056317,0.017786,0.16353,0.31555,0.073416,0.21775,0.27141,0.25269,0.089868,0.15239,0.24146,0.23489,0.056473,0.12411,0.096618,0.084516,0.18805,0.22449,0.14475,0.22915,0.095413,0.2757,0.28677,0.066748,0.038166
0.10582,0,0,0,0,0,0,0,0,0,0,0,0,0,0,0,0,0,0,0,0,0,0,0,0,0,0,0,0,0,0,0,0,0,0,0,0,0,0,0,0,0,0,0,0,0,0,0,0,0,0,0,0,0.054657,0,0,0,0,0,0,0,0,0,0,0,0,0,0,0,0,0,0,0,0,0,0,0,0,0,0,0,0,0,0,0,0,0,0,0,0,0,0,0.064851,0,0,0,0,0,0,0,0,0,0,0,0,0,0,0,0,0,0,0,0,0,0,0,0.0079146,0.053562,0,0,0,0,0,0,0,0,0,0,0,0,0,0,0,0,0,0,0,0,0,0,0,0,0,0,0.048324,0,0,0,0,0,0,0,0,0,0,0,0,0,0,0,0,0,0,0.018706,0,0,0,0,0,0,0,0,0,0.092919,0,0,0.063176,0,0,0.11906,0,0,0,0,0,0,0,0,0,0,0,0,0,0,0,0,0,0,0,0
0.13328,0.020525,0.085553,0,0.059447,0.077564,0,0,0,0,0,0.076399,0,0.1019,0.019913,0,0.058719,0,0,0,0,0,0,0.00039056,0,0,0.015461,0,0.1101,0,0.10615,0,0,0.10189,0,0.023434,0,0.16185,0.085446,0.046094,0,0,0.11333,0,0,0,0,0,0,0.17724,0.10125,0,0,0,0,0,0.092483,0,0.0092094,0,0.13794,0.12835,0,0,0,0,0.097522,0,0.067453,0.057931,0,0.12579,0,0,0,0,0.045131,0.13832,0.088897,0,0,0.013528,0,0.13826,0,0.13153,0,0,0.016835,0.12164,0,0,0,0,0,0,0,0,0,0.045195,0,0,0,0,0,0.024668,0,0,0,0,0,0.075446,0.071003,0.019595,0.058657,0.047696,0.004382,0,0,0,0,0,0,0.088676,0.0009446,0,0,0,0.004248,0,0,0,0.00017973,0.034594,0.0035766,0,0,0,0,0,0,0,0,0,0,0,0,0,0,0,0,0,0.00010783,0,0,0,0.017435,0,0,0.0031413,0.082085,0,0,0,0.019724,0,0,0,0.13701,0,0.042713,0.14426,0,0,0,0,0.10821,0,0.093066,0.16711,0,0,0,0.14928,0.018932,0.031566,0,0.047137,0,0,0.028817,0,0,0.023323,0.030526,0,0,0,0,0
0.048015,0,0,0,0,0,0,0,0,0,0,0,0,0.186,0.0767,0.039005,0,0.0207,0,0,0,0,0,0.00031657,0,0,0,0,0,0,0.033724,0,0.0035421,0,0,0,0,0,0,0,0,0.13313,0,0.052999,0,0,0,0,0,0,0,0,0.12398,0.021227,0.086825,0,0,0,0,0,0,0,0.17276,0,0.076789,0.15381,0,0.048766,0,0,0,0,0,0.060257,0,0,0,0.17763,0,0,0,0,0,0.051174,0,0.16469,0.16672,0,0,0,0,0,0.017615,0,0,0,0,0,0.042012,0,0,0,0.22014,0,0,0,0,0.092544,0,0,0,0,0,0,0.011415,0.0035934,0.13937,0.0092419,0,0,0,0,0,0,0.027722,0,0,0,0,0,0,0,0.094811,0,0.0071201,0.015943,0.096839,0,0,0,0,0,0,0,0.023495,0,0,0,0,0,0,0.035066,0,0.11523,0,0.058911,0,0,0,0.049579,0,0,0,0.020793,0,0,0,0,0,0,0,0,0,0.046349,0.011123,0,0.021931,0,0,0,0,0.09845,0,0,0,0,0,0.037496,0,0,0.0011989,0,0,0,0.024504,0,0.018948,0,0,0
0,0.066172,0,0,0.13007,0.09371,0.044575,0,0.059662,0.1697,0.16007,0.0021725,0,0,0,0.15587,0.17683,0,0,0.14485,0,0.20079,0,0.033621,0.13431,0,0.17071,0.20402,0.0036162,0,0,0,0.044651,0.14478,0,0,0.2274,0.085111,0.0031453,0,0.075175,0,0.026172,0.034151,0,0,0.041289,0.032795,0.033355,0.016369,0.024917,0,0,0.15094,0,0.073778,0.027902,0.041502,0.0052516,0.01568,0,0.013398,0.020914,0.016443,0,0,0,0.0080207,0.039834,0.20024,0,0,0.033821,0,0,0,0.043185,0,0,0,0.058472,0.24495,0,0,0,0,0.14545,0.049733,0,0.029994,0.16567,0,0.12877,0,0.10214,0,0.0041355,0.10656,0.023,0.035251,0.15834,0.042743,0.076841,0.11237,0.063237,0.1551,0.021669,0.02964,0.054706,0,0.047099,0.060162,0,0.064278,0,0.18218,0,0,0,0.18989,0,0.15081,0.0034892,0.026548,0,0.042965,0.092052,0,0.084196,0.11174,0.25238,0,0,0.10447,0,0,0,0.098144,0,0.078297,0,0.016885,0,0.0072822,0,0.096314,0.1696,0.12945,0.026292,0,0.027728,0.058357,0.18965,0,0,0.14209,0.10033,0.0032156,0.0049059,0,0.078336,0.10827,0,0.058819,0.04991,0.22016,0.0027307,0,0.13631,0.086751,0.091221,0,0,0.16547,0.064333,0.052353,0,0,0,0.02671,0,0.17907,0,0,0.18213,0.027878,0,0,0,0,0,0,0,0,0,0,0,0.035795,0.13361,0.2181
0.03223,0,0,0,0,0.089826,0,0.11435,0,0.000226,0.06249,0,0.042169,0,0,0.0942,0,0,0,0,0,0.034925,0.019848,0,0.0020033,0,0,0,0.13545,0.034337,0.0043934,0,0.15026,0.05873,0.22129,0,0,0,0,0.12608,8.162e-05,0,0.071885,0.032012,0.0013133,0.15484,0,0.22386,0,0,0.088307,0,0.092517,0.1721,0.12666,0,0,0.058345,0,0,0.043777,0.24181,0.155,0,0,0,0.096578,0.095889,0,0,0,0,0.077405,0.054821,0,0,0,0.10916,0,0.13036,0.040274,0,0.014527,0.14388,0.13255,0.014211,0.0075792,0.1841,0,0,0,0.23773,0.1211,0,0.056703,0.11814,0,0.035985,0.061238,0.21205,0.039649,0.044878,0.081195,0.12118,0,0,0.10898,0.024827,0,0,0.053557,0,0,0,0.04337,0,0.088375,0.060826,0.15271,0.027653,0,0,0.018456,0.23017,0.12632,0.1062,0.056263,0,0,0,0,0,0.077256,0.038809,0.20402,0.1327,0.094416,0,0,0.04835,0.18259,0.21908,0.10238,0,0.010044,0.16314,0.060352,0.0791,0.033164,0.002753,0.16249,0.17952,0,0.093321,0.065873,0.036835,0.072005,0.15874,0.16229,0.1739,0.071028,0,0.24102,0.1521,0.057822,0.046783,0.17808,0.21476,0,0,0.097978,0.1798,0.092318,0.0077931,0.014336,0,0.014396,0,0,0.072921,0.23154,0.067119,0.011454,0.085333,0,0,0.19044,0.02843,0.11535,0.24632,0,0,0.032721,0,0.071649,0.21197,0,0.091957,0,0
0,0,0.037478,0,0.11667,0,0.12981,0,0.057067,0,0.033663,0.2458,0,0.043016,0.049754,8.9804e-05,0.074028,0.047001,0.036601,0,0.055825,0,0.22276,0,0.082967,0.16556,0,0,0.12099,0.18911,0.01361,0,0.073757,0.16626,0,0.0006081,0,0.004879,0.053467,0.07129,0.14978,0.0063234,0.090626,0,0.21006,0.034286,0.21708,0,0.1372,0.083798,0.020511,0.16964,0.032501,0,0.023906,0,0.11837,0.068112,0.10133,0.27824,0,0,0,0.10173,0.027122,0.059559,0.056804,0.064355,0.043101,0,0.22347,0.11121,0.0048427,0.025647,0.13782,0,0.19995,0.027446,0.082443,0,0.11362,0,0,0.032253,0,0,0,0,0.01888,0.061201,0.10746,0,0,0,0,0.20791,0,0.10464,0.03,0,0,0.1207,0.028119,0,0,0.056914,0,0.03854,0,0,0,0.04034,0.019379,0,0.012754,0,0,0,0.016013,0,0.14312,0,0,0.024302,0,0.0045967,0,0.098684,0,0,0,0.041374,0.030899,0.086026,0.11949,0.063114,0,0.15459,0,0.17433,0,0,0,0,0,0,0,0.032271,0.30462,0.17351,0.033505,0,0.060074,0.014971,0.16304,0.0056376,0,0,0,0.058753,0.07822,0.078994,0.0054876,0,0,0,0,0.029512,0.11384,0,0,0,0,0,0,0.25621,0,0.14964,0.062521,0,0,0,0.066857,0.034949,0,0.17067,0,0.12005,0.058946,0,0.13088,0,0.34474,0.053007,0.051298,0,0.039161,0,0.03962,0.016984
0,0.038702,0,0.10657,0,0,0.1609,0.008288,0,0,0.047161,0,0.13343,0.15861,0,0.17541,0.0058233,0.11081,0,0.032512,0,0.017656,0.062606,0,0,0.011758,0,0.01062,0,0.00093199,0.20863,0.082201,0,0,0.08928,0.043377,0.095308,0,0,0.13291,0,0.16769,0,0.037516,0.14543,0,0,0.094157,0.07376,0.030184,0,0,0.21037,0,0.15173,0.082713,0,0,0,0.035189,0.07283,0.015658,0.0974,0.1538,0.10196,0.068324,0.13009,0.30917,0.072465,0.022794,0.016288,0.11628,0.25062,0,0.064256,0.13985,0.016866,0,0.13115,0,0,0,0.15872,0,0,0,0.040505,0.045037,0.017931,0,0.10003,0.038093,0,0.25845,0.0079548,0.015673,0,0,0,0.11129,0,0,0,0.01125,0.025787,0.0058264,0,0.16237,0.21443,0,0,0,0.12383,0.033811,0,0,0.12431,0.063678,0.29101,0,0.098834,0.059113,0.2223,0,0.19218,0.014265,0,0.14176,0,0.021889,0.010982,0.059745,0,0,0.049924,0,0,0.074895,0,0.048336,0.13072,0.12321,0.015351,0,0,0.013086,0,0,0.0046447,0,0.041877,0.074099,0,0.18633,0,0,0.082742,0.050763,0,0.18181,0,0,0,0.22063,0.18422,0.1288,0.0231,0.12702,0,0.13818,0.11123,0.097029,0,0,0.093422,0.017265,0.15009,0.1081,0,0,0.13712,0.039548,0.10579,0.048503,0.0040471,0,0,0,0.0047567,0.025449,0,0.20631,0.035352,0.072605,0,0,0,0,0,0
0.059206,0.23846,0.25254,0,0,0.12555,0,0.11035,0,0.13375,0,0,0,0,0.019578,0,0.13784,0,0,0,0.14695,0,0.0055845,0.17201,0.11165,0.1819,0.047175,0,0,0,0,0,0,0,0.050361,0.18398,0,0,0.022405,0.08251,0.17318,0,0.061558,0,0.057429,0,0,0,0,0.18354,0.030033,0.05065,0,0.043865,0,0.22771,0,0,0,0,0.17351,0,0,0,0,0.11611,0.12821,0,0.19384,0.0029152,0.0083825,0.14585,0,0.054558,0,0.040948,0.15313,0.032589,0,0.005591,0,0,0,0,0.062146,0.0664,0,0,0.26287,0,0,0.092812,0.049369,0,0,0,0.018824,0,0,0,0.14138,0.13331,0,0,0.10996,0.254,0.17461,0,0.083242,0,0.13205,0,0.13393,0.063386,0.060755,0.14208,0,0.14616,0,0.16978,0,0.027227,0,0,0,0,0.14612,0,0.059763,0.21107,0,0.15681,0,0,0,0,0.0044807,0.1201,0.030431,0,0.070659,0,0.0076703,0,0.078967,0,0.14639,0,0,0.073803,0,0,0,0,0,0,0,0,0.014063,0,0,0,0,0,0,0,0,0,0,0,0,0,0,0.051694,0,0,0,0.088096,0.063987,0.0034283,0.016533,0,0.094668,0.1149,0.21362,0.12226,0,0,0,0.025727,0,0,0.022887,0.20822,0.11756,0,0.16973,0.10859,0,0
0,0,0.084902,0.14313,0.049411,0.10804,0,0,0.059842,0.053991,0,0.0087535,0,0.015106,0.10579,0,0,0,0,0,0.072565,0.1305,0,0.13963,0,0.0164,0.23126,0,0.0037866,0,0,0,0.24498,0.045341,0,0.017209,0.11177,0.0081633,0.06146,0,0,0.024217,0,0.13995,0,0.14972,0.0072862,0,0,0,0,0.063053,0,0,0.044242,0,0.041006,0,0.12145,0,0,0.053261,0.020317,0,0.018053,0,0,0,0,0.15187,0.061146,0.0022229,0,0,0.095048,0.037217,0,0,0.094962,0.11482,0.12216,0.19144,0,0.04758,0,0,0.042773,0.13539,0.038187,0.12648,0,0.13161,0,0,0,0,0.24419,0.064444,0.21488,0.12539,0.11142,0,0.037264,0,0,0,0,0,0,0.26984,0.07381,0.02969,0,0.21212,0,0.10291,0,0,0,0,0.05704,0,0,0.11307,0,0,0.019488,0.10458,0.16646,0,0,0,0.049895,0.11249,0,0.227,0.088596,0,0,0,0,0.060041,0.12563,0,0,0,0,0,0,0,0,0.10823,0.22547,0.029758,0,0.0035573,0,0,0.13058,0,0.059333,0.15265,0.005531,0,0,0,0.16593,0,0.058344,0,0,0.023307,0.040972,0,0,0,0,0.024293,0.02458,0,0,0.12197,0,0,0.038706,0.027247,0.0031119,0.067619,0.19109,0.12227,0.15459,0.065466,0,0.11256,0,0,0.013483,0.10271,0.173,0.088509
0,0,0,0,0,0,0,0.14377,0.082415,0.065302,0,0,0.021699,0,0,0,0,0,0.07283,0.1303,0,0,0,0,0.019606,0.015818,0,0,0,0,0,0.18396,0,0,0.030418,0,0.029968,0,0,0,0,0,0,0,0,0,0.065518,0,0,0,0,0.16173,0,0,0,0,0,0,0,0,0,0,0,0,0,0,0,0,0,0,0.12293,0,0,0,0.022295,0,0,0,0,0,0.0014806,0,0,0,0.03496,0,0,0.059755,0,0,0,0.016339,0,0,0,0,0,0.008396,0,0,0,0.0039613,0,0,0,0,0.070684,0,0.16087,0,0.070879,0,0,0,0,0,0,0,0,0,0.017058,0.066488,0,0,0,0,0.083084,0,0,0,0,0.004386,0,0,0,0,0,0,0.22078,0,0,0,0.0057277,0,0,0,0.034006,0,0.050429,0.0287,0,0,0,0,0,0,0,0,0,0,0,0.14364,0,0,0,0.10776,0.11106,0,0,0,0,0,0,0,0,0,0,0.040731,0,0,0.033434,0,0.023511,0,0,0,0.012663,0,0.0016689,0.0054643,0,0,0,0,0,0,0,0.074618,0.003429,0
0,0.045648,0,0.035765,0,0,0.10712,0.0092196,0,0.029214,0,0.21203,0.10924,0,0,0,0,0.22361,0.0036615,0.057844,0.17308,0,0,0.010666,0,0,0.060363,0,0,0.027352,0,0.16136,0,0,0,0,0,0.016448,0,0,0,0.069365,0,0,0,0.09572,0,0.098474,0.0059636,0.065689,0,0.050321,0.078072,0,0,0.033018,0,0,0.14574,0.054125,0,0,0,0,0.014825,0.11199,0,0,0,0,0,0,0,0.14288,0.18644,0,0.019468,0,0,0.00094058,0,0.010162,0,0,0.14038,0,0,0.089666,0.070852,0.15287,0,0,0,0.022818,0,0.038874,0.003913,0,0,0,0.011542,0,0,0,0.0018475,0,0.12118,0,0,0.032028,0.16683,0.12092,0,0,0,0,0.16536,0.1715,0,0,0,0,0,0,0,0,0,0.12047,0.09537,0.081966,0.040327,0,0.29459,0,0,0,0.18223,0.043277,0.0027107,0,0.0048571,0.027547,0,0.044251,0.02234,0.052114,0,0.053173,0.036252,0.010915,0,0,0,0,0.011487,0,0,0,0.06271,0,0,0,0.01963,0,0,0,0,0.017122,0,0.043051,0,0,0.14434,0,0,0.1677,0.072936,0,0,0,0.075674,0,0,0,0,0,0.0084651,0,0.044451,0,0,0.029187,0,0,0.19785,0.035617,0.16412,0,0,0
0.051085,0,0,0.11065,0.038239,0,0,0,0.045093,0,0,0.028756,0.041524,0,0.12227,0.027232,0,0,0.041672,0.079116,0.037998,0,0.10384,0,0.14975,0,0.034328,0,0.16453,0.11499,0.025977,0.025814,0,0,0,0,0.047369,0.27899,0.19328,0,0.060272,0.095527,0.15464,0,0,0.0007311,0.0038305,0,0.13062,0,0.03394,0.084711,0,0.023566,0,0,0.073439,0,0.077325,0.058984,0.096132,0,0,0,0.20425,0,0,0.063997,0,0.18383,0,0,0,0,0.0082274,0,0,0.046793,0.088774,0,0,0.19533,0.059025,0.091922,0.051916,0.015377,0,0,0,0.052276,0.046891,0,0.015442,0.070735,0.12628,0.015405,0.20913,0.24812,0,0,0,0,0,0.036798,0,0,0,0.085714,0,0.012768,0,0.053727,0,0,0.057474,0,0,0,0,0.15763,0.068214,0.079398,0.031849,0,0.031607,0,0,0.086971,0.1195,0,0.079033,0,0,0.20346,0,0,0,0,0.14846,0.0855,0,0,0,0.094632,0.068171,0,0,0,0,0,0,0,0.044346,0,0.02916,0.18952,0.12693,0.0024386,0,0,0.26175,0.11997,0,0.065556,0.16188,0.025522,0,0,0.055686,0.078264,0,0.033155,0.090582,0.094665,0.11606,0.035001,0,0,0.070689,0.00049357,0,0,0.1978,0,0,0,0.049699,0.20884,0,0,0,0.01934,0,0,0,0.0001518,0.059139,0,0.15546,0.06042
0,0.10837,0,0,0.043825,0.0086517,0,0.1025,0.22041,0,0.025406,0,0.063643,0.0052914,0,0,0.077887,0,0.19722,0.055001,0,0.11653,0,0,0,0,0,0,0,0,0,0.0061198,0.028492,0.0057136,0.0036432,0.033222,0.05146,0,0,0.074683,0,0,0,0.13724,0,0,0.21767,0.017411,0,0,0,0,0.020547,0,0.14413,0.0087012,0,0,0,0,0,0,0.1381,0.1334,0,0.060043,0,0,0.040807,0,0,0.031808,0.18382,0,0,0.16697,0,0,0,0.19123,0,0.0036528,0.034123,0,0.031852,0,0.035966,0,0,0,0.11473,0,0,0.18177,0.097502,0,0,0,0.078824,0,0,0.09782,0.045109,0.040968,0.010234,0,0.040227,0,0,0.0020564,0,0,0,0.01651,0,0,0,0,0,0,0,0.053258,0.054599,0.025405,0.058454,0.31443,0,0,0,0.099841,0.040131,0,0,0,0,0,0.01526,0,0.059222,0,0.13751,0,0.049483,0.099492,0,0.032236,0.019665,0,0,0,0.052799,0,0.026029,0.067328,0,0,0.16211,0.20956,0,0.10035,0,0,0.11162,0,0.095256,0.051118,0,0.11623,0,0.17814,0,0.065285,0,0,0,0,0,0,0,0,0.012465,0.052515,0,0.002459,0.06814,0.019217,0.17198,0,0,0,0.0098497,0,0,0.048303,0,0.079066,0,0,0,0.055697
0,0,0,0.070862,0,0,0,0,0,0,0,0,0,0,0,0,0,0,0.033748,0,0,0,0,0,0,0,0,0,0,0,0,0,0,0,0.065224,0,0,0,0,0,0,0,0,0,0,0,0,0,0,0,0,0,0,0,0,0,0,0,0,0,0,0,0,0,0,0,0,0,0,0,0,0,0.086114,0,0,0.0041987,0,0,0,0,0,0,0.079421,0,0,0,0,0,0,0,0,0,0,0.02072,0,0,0.018011,0,0,0,0,0,0,0,0,0,0,0,0,0.013117,0,0,0,0,0,0,0,0,0,0,0.072155,0,0.10755,0,0,0,0,0,0,0.021767,0,0,0,0,0,0,0,0,0,0,0.086926,0,0,0.034416,0,0,0,0.1106,0,0,0,0,0,0,0.030028,0,0,0,0,0,0,0,0,0,0,0,0,0,0,0.021018,0,0,0,0,0,0,0,0,0,0,0,0,0,0,0,0,0,0,0,0,0,0.052625,0,0,0,0.00018472,0,0,0,0
0,0,0,0.030716,0,0,0,0,0,0,0.064755,0,0,0,0,0,0,0,0,0,0,0,0.023601,0,0,0.0097403,0,0,0,0.065789,0,0.024966,0,0,0,0,0,0,0,0,0,0,0,0,0,0.054423,0,0.050496,0.18345,0,0,0,0,0,0,0.023359,0,0,0,0.11503,0,0,0,0,0,0,0,0,0,0,0,0,0,0,0,0.0089074,0,0,0,0,0,0,0.083231,0,0,0,0,0,0,0,0.080404,0,0,0.0057873,0.09639,0.040193,0,0,0,0,0.0093868,0,0,0.15657,0.029098,0,0,0,0,0.065976,0,0,0,0,0,0,0,0,0,0,0,0,0,0,0,0.058387,0,0,0,0,0.13124,0,0,0,0,0,0,0.022174,0.066094,0.062474,0,0.031928,0,0.0047594,0,0.09999,0.085305,0.0018954,0,0.087077,0.17731,0,0,0,0.057484,0,0,0.056199,0.049219,0,0,0.0422,0,0,0,0,0.0033643,0.0017211,0,0,0,0,0,0,0,0.0078792,0,0,0,0,0,0,0,0,0,0,0,0,0,0,0,0.00038719,0,0,0,0.12236,0,0.0083878,0.07526,0
0.0044743,0,0.10813,0,0,0,0,0,0,0,0,0,0,0.0016019,0.0047275,0,0,0,0,0,0,0,0,0,0,0,0,0.053947,0,0,0,0,0,0,0,0,0,0,0,0,0,0,0,0,0,0,0,0,0,0,0,0,0,0.010573,0,0,0,0,0,0,0,0.078929,0.018366,0,0,0,0,0,0,0,0,0,0,0.1127,0,0,0,0,0,0,0,0,0,0,0,0,0,0,0,0,0,0,0.04489,0,0,0,0,0,0,0.046738,0,0,0,0,0,0,0,0,0,0,0,0,0,0,0,0,0,0,0,0,0,0,0,0,0,0,0,0,0,0,0,0,0,0,0.016518,0.013256,0,0,0,0,0,0,0,0,0.11185,0,0,0,0,0,0,0,0,0,0,0,0,0,0,0,0,0,0,0,0,0,0,0,0,0,0,0,0,0.023701,0.078203,0,0,0,0.16353,0,0,0,0,0,0,0,0,0.19483,0,0,0,0,0,0,0,0,0,0,0,0
0,0,0.05464,0,0,0,0.021153,0,0,0,0,0.051816,0,0,0,0,0,0.079116,0,0,0.069066,0.0012738,0,0,0,0,0,0.0070923,0,0,0,0,0,0,0,0,0,0,0.047441,0,0,0,0,0,0.01667,0,0,0,0,0,0,0,0,0,0,0,0.2119,0,0,0,0,0,0,0.036771,0,0,0,0.055015,0,0,0,0,0,0,0,0,0,0,0.008523,0,0.2382,0,0,0,0,0,0,0,0,0,0,0,0,0,0,0,0,0,0,0,0,0,0,0,0,0,0,0,0,0,0,0,0.063968,0,0.023258,0,0,0,0,0.064945,0,0,0,0,0,0,0,0,0,0,0,0,0.12372,0,0,0.07441,0,0,0,0,0,0,0,0,0,0,0,0,0,0,0,0,0,0,0,0,0,0,0,0,0,0,0,0,0,0,0,0,0.048644,0,0.14814,0,0.025107,0,0,0,0,0,0.0035677,0,0,0,0,0,0,0,0,0,0,0,0,0,0.042186,0,0,0,0,0,0,0
0,0,0,0,0,0,0.0239,0,0,0,0,0,0,0,0,0,0,0.032987,0,0,0,0,0,0,0,0,0,0.0074664,0,0,0,0,0,0,0,0,0,0,0,0,0,0,0,0,0,0,0,0,0,0,0,0,0,0,0,0,0,0.0076081,0,0,0,0,0,0.016598,0.1965,0,0.051334,0,0,0,0,0,0,0,0,0,0,0,0,0,0,0,0,0,0,0,0,0,0,0,0,0,0,0,0,0,0,0,0,0,0,0,0,0,0,0.045537,0,0,0.048646,0,0,0,0.0028886,0,0,0.023896,0,0,0.16135,0.070152,0,0,0,0,0,0,0.0051091,0,0,0,0,0,0,0,0,0,0.10583,0,0,0,0,0,0,0,0,0,0,0,0,0,0,0.10955,0,0,0,0,0,0,0,0,0,0,0,0,0,0,0,0,0,0,0.014547,0,0.0094482,0,0,0,0,0,0,0,0,0,0,0,0,0,0,0,0,0,0.028319,0,0,0,0,0,0,0,0,0
0,0,0,0,0,0,0,0,0,0,0,0,0,0,0,0,0,0,0,0,0,0,0,0,0,0,0,0,0,0,0,0,0,0,0,0,0,0,0,0,0,0,0,0,0,0,0,0,0,0,0,0,0,0,0,0,0,0.037681,0,0,0,0,0,0,0,0,0,0,0,0,0,0,0,0,0,0,0,0,0,0,0,0,0,0,0,0,0,0,0,0,0,0,0,0,0,0,0,0,0,0,0,0,0,0,0,0,0,0,0,0,0,0,0,0,0,0,0,0,0.052802,0,0,0,0,0,0,0,0,0,0,0,0,0.0060919,0,0,0,0,0,0,0,0,0,0,0,0,0,0,0,0,0,0,0,0,0,0,0,0,0,0,0,0,0,0,0,0,0,0,0,0,0,0,0,0,0,0,0,0,0,0,0,0,0,0,0,0,0,0,0,0,0,0,0,0,0,0,0,0,0,0,0,0
0,0,0,0,0,0,0,0,0,0,0,0,0,0,0,0,0,0,0,0,0,0,0,0,0,0,0,0.011123,0,0,0,0,0,0,0,0,0,0,0,0,0,0,0,0,0.086112,0,0,0,0,0,0,0,0,0,0,0,0,0.045935,0,0,0,0,0,0,0,0,0,0,0,0,0,0,0,0,0,0,0,0,0,0,0,0,0,0,0,0,0,0,0,0,0,0,0,0,0,0,0,0,0,0,0,0,0,0,0,0,0,0,0.15463,0,0,0,0,0,0,0,0,0,0.013974,0,0,0,0,0,0,0,0,0,0,0,0,0.035509,0,0,0,0,0,0,0,0,0,0,0,0,0,0,0,0,0,0,0,0,0,0,0,0,0,0,0,0,0,0,0,0,0,0,0,0,0,0,0,0,0,0,0,0,0,0.0051202,0,0,0,0,0,0,0,0,0,0,0,0,0,0,0.0043985,0,0,0,0,0,0,0
0,0,0.038914,0,0,0,0.15479,0,0,0.14747,0.17069,0,0,0,0,0,0,0.1428,0,0,0.014672,0.0093114,0,0,0,0,0,0.17397,0,0.0086517,0,0,0,0,0.049902,0.16311,0,0,0,0.23905,0,0,0,0,0.014158,0,0,0,0,0,0,0,0,0,0.038021,0.0072976,0.064898,0.15436,0,0.051949,0,0.010248,0,0.046115,0,0,0.11184,0,0.12098,0,0.03317,0,0,0.0092422,0,0.023432,0.15386,0,0.18433,0,0.0056477,0,0,0,0,0,0,0,0.055737,0,0,0,0,0,0,0,0,0,0,0.017761,0,0.15438,0,0.0022282,0,0.16838,0.039734,0.1871,0.042389,0.039494,0,0,0.14674,0.13171,0,0.13687,0,0,0.0014619,0.061816,0,0,0,0,0.21501,0,0.082363,0,0.0058747,0.0040932,0.0087616,0.11041,0,0,0.077197,0.066691,0,0,0,0,0.029379,0,0,0.057004,0,0,0,0.023879,0.18842,0.14241,0.055404,0.049022,0,0.072752,0.16379,0,0,0,0.057678,0.13739,0,0,0,0,0,0,0.19585,0.0042301,0.073337,0,0.1198,0,0.029247,0,0,0.013991,0,0.089509,0,0,0.079454,0,0,0,0.0017477,0.030943,0,0,0,0,0,0.16036,0.060764,0.018204,0,0,0,0,0,0
0,0,0,0,0,0,0,0,0,0,0,0,0,0,0,0,0,0,0,0,0,0,0,0,0,0,0,0,0,0,0,0,0,0,0,0,0,0,0,0,0,0,0,0,0,0,0,0,0,0,0,0,0,0,0,0,0,0,0,0,0,0,0,0,0,0,0,0,0,0,0,0,0,0,0,0,0,0,0,0,0,0,0,0,0,0,0,0,0,0,0,0,0,0,0,0,0,0,0,0,0,0,0,0,0,0,0,0,0,0,0,0,0,0,0,0,0.016224,0.024998,0,0,0,0,0,0,0,0,0,0,0,0,0,0,0,0,0,0,0,0,0,0,0,0,0,0,0.11842,0,0,0,0,0,0,0,0,0,0,0,0,0,0,0,0,0,0,0,0,0,0,0,0,0,0,0,0,0,0,0,0.050158,0,0,0,0,0,0,0,0,0,0,0,0,0,0,0,0,0,0,0,0,0,0,0
0,0,0,0,0,0,0,0,0,0,0,0,0,0,0,0,0,0,0,0,0,0,0,0,0,0,0,0,0,0,0,0,0,0,0,0,0,0,0,0,0,0,0,0,0,0,0,0,0,0,0,0,0,0,0,0,0,0,0,0,0.038849,0,0,0,0,0,0,0,0,0,0,0,0,0,0,0,0,0,0,0,0,0,0,0,0,0.15006,0,0,0,0,0,0,0,0,0,0,0,0,0,0,0,0,0,0,0,0,0,0,0,0,0,0,0,0,0,0,0,0,0,0,0,0,0,0,0,0,0,0,0,0,0,0,0,0,0,0,0,0,0,0,0,0,0,0,0,0,0,0,0,0,0,0,0,0,0,0,0,0,0,0,0,0,0,0.0066603,0,0,0,0,0,0,0,0,0,0,0.097984,0,0,0,0,0.18591,0,0,0,0,0,0,0,0,0,0,0,0,0,0,0,0,0,0,0,0
0,0,0,0,0,0,0,0,0,0,0,0,0,0,0,0,0,0,0,0,0,0,0,0,0,0,0,0,0,0,0,0,0,0,0,0,0,0,0,0,0,0,0,0,0,0,0,0,0,0,0,0,0,0,0,0,0,0,0,0,0,0,0,0,0,0,0,0,0,0,0,0,0,0,0,0,0,0,0,0,0,0,0,0,0,0,0,0,0,0,0,0,0,0,0,0,0,0,0,0,0,0,0,0,0,0,0,0,0,0,0,0,0,0,0,0,0,0,0,0,0,0,0,0,0,0,0,0,0,0,0,0,0,0,0,0,0,0,0,0,0,0,0,0,0,0,0,0,0,0,0,0,0,0,0,0,0,0,0,0,0,0,0,0,0,0,0,0,0,0,0,0,0,0,0,0,0,0,0,0,0,0,0,0,0,0,0,0,0,0,0.03281,0,0,0,0,0,0,0,0,0
0,0,0,0,0,0,0,0,0,0,0,0,0,0,0,0,0,0,0,0,0,0,0,0,0,0,0,0,0,0,0,0,0,0,0,0,0,0,0,0,0,0,0,0,0,0,0,0,0,0,0,0,0,0,0,0,0,0,0,0,0,0,0,0,0,0,0,0,0,0,0,0,0,0,0,0,0,0,0,0,0,0,0,0,0,0,0,0,0,0,0,0,0,0,0,0,0,0,0,0,0,0,0,0,0,0,0,0,0,0,0,0,0,0,0,0,0,0,0,0,0,0,0,0,0,0,0,0,0,0,0,0,0,0,0,0,0,0,0,0,0,0,0,0,0,0,0,0,0,0,0,0,0,0,0,0,0,0,0,0,0,0,0,0,0,0,0,0,0,0,0,0,0,0,0,0,0,0,0,0,0,0,0,0,0,0,0,0,0,0,0,0,0,0,0,0,0,0,0,0
0,0,0,0,0,0,0,0,0,0,0,0,0,0,0,0,0,0,0,0,0,0,0,0,0,0,0,0,0,0,0,0,0,0,0,0,0,0,0,0,0,0,0,0,0,0,0,0,0,0,0,0,0,0,0,0,0,0,0,0,0,0,0,0,0,0,0,0,0,0,0,0,0,0,0,0,0,0,0,0,0,0,0,0,0,0,0,0,0,0,0,0,0,0,0,0,0,0,0,0,0,0,0,0,0,0,0,0,0,0,0,0,0,0,0,0,0,0,0,0,0,0,0,0,0,0,0,0,0,0,0,0,0,0,0,0,0,0,0,0,0,0,0,0,0,0,0,0,0,0,0,0,0,0,0,0,0,0,0,0,0,0,0,0,0,0,0,0,0,0,0,0,0,0,0,0,0,0,0,0,0,0,0,0,0,0,0,0,0,0,0,0,0,0,0,0,0,0,0,0
0,0,0,0,0,0,0,0,0,0,0,0,0.022426,0,0,0,0,0,0,0,0,0,0,0,0,0,0,0,0,0,0,0,0,0,0,0,0,0,0,0,0.17079,0,0,0,0,0,0,0,0,0,0,0,0,0,0,0,0,0,0,0,0,0,0,0,0,0,0,0,0,0,0,0,0,0,0.032556,0,0,0,0,0.035822,0,0,0,0,0.029895,0,0,0.088451,0,0,0.036822,0.11991,0,0,0,0,0,0,0,0,0,0,0,0,0,0,0,0,0,0,0.012453,0,0,0,0,0,0,0,0,0,0,0,0,0,0,0,0,0.099917,0,0,0,0,0,0,0,0,0,0,0,0,0,0,0,0,0,0,0,0,0,0,0,0,0,0,0,0,0,0,0,0,0,0,0.11766,0,0,0,0,0,0,0,0,0,0,0,0,0,0,0,0,0,0,0,0,0,0,0,0,0,0.17035,0.03984,0,0,0,0,0,0,0,0,0,0.039456
0.073301,0.14203,0.016863,0.1256,0.093942,0.15622,0.075407,0.26441,0.088226,0.14673,0.0638,0.14882,0.24895,0.22869,0.29046,0.061233,0.14769,0.0073164,0.23673,0.24576,0.027119,0.16417,0.021528,0.16161,0.032176,0.2366,0.086498,0.089797,0.022478,0.22528,0.1502,0.0061288,0.011877,0.017541,0.040215,0.15646,0.0085536,0.019934,0.20635,0.0071165,0.017157,0.036006,0.038322,0.026672,0.19189,0.13184,0.058868,0.18798,0.032789,0.082891,0.2662,0.10585,0.035652,0.27145,0.069436,0.28653,0.010883,0.043831,0.14595,0.086407,0.090463,0.11083,0.069341,0.034395,0.0073966,0.086403,0.11415,0.064125,0.059587,0.10377,0.20732,0.088556,0,0.12015,0.012103,0.26737,0.091896,0.051352,0.031178,0.014834,0.0059892,0.0053138,0.056876,0.19185,0.10492,0.071418,0.028277,0.013525,0.048959,0.021051,0.16164,0.03827,0.12057,0.093841,0.24402,0.16022,0.11419,0.080197,0.050106,0.14051,0.071378,0.12263,0.038907,0.14177,0.11979,0.034019,0.2167,0.011215,0.13016,0.12773,0.047751,0.13124,0.064566,0.079154,0.31058,0.058439,0.097219,0.11855,0.020142,0.0057819,0.16822,0.077367,0.079417,0.0010759,0.0066636,0.08037,0.12013,0.00011688,0.18736,0.19196,0.12195,0.17093,0.027221,0.057687,0.22774,0.14457,0.042994,0.17109,0.023042,0.076247,0.10828,0.1843,0.23047,0.22641,0,0.14634,0.0035403,0.26576,0.13153,0.1053,0.18428,0.028341,0.20563,0.053818,0.010005,0.04308,0.035844,0.1908,0.12913,0.056519,0.058707,0.0049171,0.081083,0.12423,0.081641,0.028907,0.079021,0.048333,0.10634,0.099485,0.02002,0.1254,0.21529,0.17233,0.064014,0.13122,0.012324,0.24009,0.053877,0.13186,0.12555,0.070462,0.02381,0.26318,0.23855,0.13001,0.11729,0,0.0082412,0.23481,0,0.10686,0.052913,0.14922,0.1185,0.14751,0.054133,0.22524,0.078986,0.14121
0,0,0,0,0,0,0,0,0,0,0,0,0,0,0,0,0,0,0,0,0,0,0,0,0,0,0,0,0,0,0,0,0,0,0,0,0,0,0,0,0,0,0,0,0,0,0,0,0,0,0,0,0,0,0,0,0,0,0,0,0,0,0,0,0,0,0,0,0,0,0,0,0,0,0,0,0,0,0,0,0,0,0,0,0,0,0,0,0,0,0,0,0,0,0,0,0,0,0,0,0,0,0,0,0,0,0,0,0,0,0,0,0,0,0,0,0,0,0,0,0,0,0,0,0,0,0,0,0,0,0,0,0,0,0,0,0,0,0,0,0,0,0,0,0,0,0,0,0,0,0,0,0,0,0,0,0,0,0,0,0,0,0,0,0,0,0,0,0,0,0,0,0,0,0,0,0,0,0,0,0,0,0,0,0,0,0,0,0,0,0,0,0,0,0,0,0,0,0,0
0,0,0,0,0,0,0,0,0,0,0,0,0,0,0,0,0,0,0,0,0,0,0,0,0,0,0,0,0,0,0,0,0,0,0,0,0,0,0,0,0,0,0,0,0,0,0,0,0,0,0,0,0,0,0,0,0,0,0,0,0,0,0,0,0,0,0,0,0,0,0,0,0,0,0,0,0,0,0,0,0,0,0,0,0,0,0,0,0,0,0,0,0,0,0,0,0,0,0,0,0,0,0,0,0,0,0,0,0,0,0,0,0,0,0,0,0,0,0,0,0,0,0,0,0,0,0,0,0,0,0,0,0,0,0,0,0,0,0,0,0,0,0,0,0,0,0,0,0,0,0,0,0,0,0,0,0,0,0,0,0,0,0,0,0,0,0,0,0,0,0,0,0,0,0,0,0,0,0,0,0,0,0,0,0,0,0,0,0,0,0,0,0,0,0,0,0,0,0,0
0,0,0,0,0,0,0,0,0,0,0,0,0,0,0,0,0,0,0,0,0,0,0,0,0,0,0,0,0,0,0,0,0,0,0,0,0,0,0,0,0,0,0,0,0,0,0,0,0,0,0,0,0,0,0,0,0,0,0,0,0,0,0,0,0,0,0,0,0,0,0,0,0,0,0,0,0,0,0,0,0,0,0,0,0,0,0,0,0,0,0,0,0,0,0,0,0,0,0,0,0,0,0,0,0,0,0,0,0,0,0,0,0,0,0,0,0,0,0,0,0,0,0,0,0,0,0,0,0,0,0,0,0,0,0,0,0,0,0,0,0,0,0,0,0,0,0,0,0,0,0,0,0,0,0,0,0,0,0,0,0,0,0,0,0,0,0,0,0,0,0,0,0,0,0,0,0,0,0,0,0,0,0,0,0,0,0,0,0,0,0.073017,0,0,0,0,0,0,0,0,0
0,0,0,0,0,0,0,0,0,0,0,0,0,0,0,0,0,0,0,0,0,0,0,0,0,0,0,0,0,0,0,0,0,0,0,0,0,0,0,0,0,0,0,0,0,0,0,0,0,0,0,0,0,0,0,0,0,0,0,0,0,0,0,0,0,0,0,0,0,0,0,0,0,0,0,0,0,0,0,0,0,0,0,0,0,0,0,0,0,0,0,0,0,0,0,0,0,0,0,0,0,0,0,0,0,0,0,0,0,0,0,0,0,0,0,0,0,0,0,0,0,0,0,0,0,0,0,0,0,0,0,0,0,0,0,0,0,0,0,0,0,0,0,0,0,0,0,0,0,0,0,0,0,0,0,0,0,0,0,0,0,0,0,0,0,0,0,0,0,0,0,0,0,0,0,0,0,0,0,0,0,0,0,0,0,0,0,0,0,0,0,0,0,0,0,0,0,0,0,0
0,0,0,0,0,0,0,0,0,0,0,0,0,0,0,0,0,0,0,0,0,0,0,0,0,0,0,0,0,0,0,0,0,0,0,0,0,0,0,0,0,0,0,0,0,0,0,0,0,0,0,0,0,0,0,0,0,0,0,0,0,0,0,0,0,0,0,0,0,0,0,0,0,0,0,0,0,0,0,0,0,0,0,0,0,0,0,0,0,0,0,0,0,0,0,0,0,0,0,0,0,0,0,0,0,0,0,0,0,0,0,0,0,0,0,0,0,0,0,0,0,0,0,0,0,0,0,0,0,0,0,0,0,0,0,0,0,0,0,0,0,0,0,0,0,0,0,0,0,0,0,0,0,0,0,0,0,0,0,0,0,0,0,0,0,0,0,0,0,0,0,0,0,0,0,0,0,0,0,0,0,0,0,0,0,0,0,0,0,0,0,0,0,0,0,0,0,0,0,0
0,0,0,0,0,0,0,0,0,0,0,0,0,0,0,0,0,0,0,0,0,0,0,0,0,0,0,0,0,0,0,0,0,0,0,0,0,0,0,0,0,0,0,0,0,0,0,0,0,0,0,0,0,0,0,0,0,0,0,0,0,0,0,0,0,0,0,0,0,0,0,0,0.028852,0,0,0,0,0,0,0,0,0,0,0,0,0,0,0,0,0,0,0,0,0,0,0,0,0,0,0,0,0,0,0,0,0,0,0,0,0,0,0,0,0,0,0,0,0,0,0,0,0,0,0,0,0,0,0,0,0,0,0,0,0,0,0,0,0,0,0,0,0,0,0,0,0,0,0,0,0,0,0,0,0,0,0,0,0,0,0,0,0,0,0,0,0,0,0,0,0,0,0,0,0,0,0,0,0,0,0,0,0,0,0,0,0,0,0,0,0,0,0,0,0,0,0,0,0,0,0
0,0,0,0,0,0,0,0,0,0,0,0,0,0,0,0,0,0,0,0,0,0,0,0,0,0,0,0,0,0,0,0,0,0,0,0,0,0,0,0,0,0,0,0,0,0,0,0,0,0,0,0,0,0,0,0,0,0,0,0,0,0,0,0,0,0,0,0,0,0,0.079712,0,0.063312,0,0,0,0,0,0,0,0,0,0,0,0,0,0,0,0,0,0,0,0,0,0,0,0,0,0,0,0,0,0,0,0,0,0,0,0,0,0,0,0,0,0,0,0,0,0,0,0,0,0,0,0,0,0,0,0,0,0,0,0,0,0,0,0,0,0,0,0,0,0,0,0,0,0,0,0,0,0,0,0,0,0,0,0,0,0,0,0,0,0,0,0,0,0,0,0,0,0,0,0,0,0,0,0,0,0,0,0,0,0,0,0,0,0,0,0,0,0,0,0,0,0,0,0,0,0,0
0,0,0,0,0,0,0,0,0,0,0,0,0,0,0,0,0,0,0,0,0,0,0,0,0,0,0.0066332,0,0.039011,0,0,0,0,0,0,0,0,0,0,0,0.010704,0,0,0.15264,0,0,0,0,0,0.13308,0,0,0.045337,0,0,0,0,0,0,0,0,0,0.10516,0,0,0,0,0,0,0,0.079097,0,0.028198,0,0,0,0,0,0,0.040223,0,0,0,0,0,0,0,0,0,0.05198,0,0.089112,0,0,0,0,0,0,0,0,0,0,0,0,0,0,0,0,0,0,0,0,0,0,0,0,0,0,0,0,0,0,0,0,0,0,0,0.17912,0,0,0,0,0,0,0,0,0,0,0,0,0,0,0,0,0,0,0,0,0,0,0,0,0,0,0,0,0,0,0,0,0,0,0.034133,0,0,0,0,0,0,0,0,0,0,0,0,0,0,0,0,0,0,0,0,0,0,0,0,0,0,0.024731,0.22756,0,0,0,0,0,0,0,0,0.031636
0,0,0,0,0,0,0,0,0,0,0,0,0,0,0,0,0,0,0,0,0,0,0,0,0,0,0,0,0,0,0,0,0,0,0,0,0,0,0,0,0,0,0,0,0,0,0,0,0,0,0,0,0,0,0,0,0,0,0,0,0,0,0,0,0,0,0,0,0,0,0,0,0,0,0,0,0,0,0,0,0,0,0,0,0,0,0,0,0,0,0,0,0,0,0,0,0,0,0,0,0,0,0,0,0,0,0,0,0,0,0,0,0,0,0,0,0,0,0,0,0,0,0,0,0,0,0,0,0,0,0,0,0,0,0,0,0,0,0,0,0,0,0,0,0,0,0,0,0,0,0,0,0,0,0,0,0,0,0,0,0,0,0,0,0,0,0,0,0,0,0,0,0,0,0,0,0,0,0,0,0,0,0,0,0,0,0,0,0,0,0,0,0,0,0,0,0,0,0,0
0,0,0,0,0,0,0,0,0,0,0,0,0,0,0,0,0,0,0,0,0,0,0,0,0,0,0,0,0,0,0,0,0,0,0,0,0,0,0,0,0,0,0,0,0,0,0,0,0,0,0,0,0,0,0,0,0,0,0,0,0,0,0,0,0,0,0,0,0,0,0,0,0,0,0,0,0,0,0,0,0,0,0,0,0,0,0,0,0,0,0,0,0,0,0,0,0,0,0,0,0,0,0,0,0,0,0,0,0,0,0,0,0,0,0,0,0,0,0,0,0,0,0,0,0,0,0,0,0,0,0,0,0,0,0,0,0,0,0,0,0,0,0,0,0,0,0,0,0,0,0,0,0,0,0,0,0,0,0,0,0,0,0,0,0,0,0,0,0,0,0,0,0,0,0,0,0,0,0,0,0,0,0,0,0,0,0,0,0,0,0,0,0,0,0,0,0,0,0,0
0,0,0,0,0,0,0,0,0,0,0,0,0,0,0,0,0,0,0,0,0,0,0,0,0,0,0,0,0,0,0,0,0,0,0,0,0,0,0,0,0,0,0,0,0,0,0,0,0,0,0,0,0,0,0,0,0,0,0,0,0,0,0,0,0,0,0,0,0,0,0,0,0,0,0,0,0,0,0,0,0,0,0,0,0,0,0,0,0,0,0,0,0,0,0,0,0,0,0,0,0,0,0,0,0,0,0,0,0,0,0,0,0,0,0,0,0,0,0,0,0,0,0,0,0,0,0,0,0,0,0,0,0,0,0,0,0,0,0,0,0,0,0,0,0,0,0,0,0,0,0,0,0,0,0,0,0,0,0,0,0,0,0,0,0,0,0,0,0,0,0,0,0,0,0,0,0,0,0,0,0,0,0,0,0,0,0,0,0,0,0,0,0,0,0,0,0,0,0,0
0,0,0,0,0,0,0,0,0,0,0,0,0,0,0,0,0,0,0,0,0,0,0,0,0,0,0,0,0,0,0,0,0,0,0,0,0,0,0,0,0,0,0,0,0,0,0,0,0,0,0,0,0,0,0,0,0,0,0,0,0,0,0,0,0,0,0,0,0,0,0,0,0,0,0,0,0,0,0,0,0,0,0,0,0,0,0,0,0,0,0,0,0,0,0,0,0,0,0,0,0,0,0,0,0,0,0,0,0,0,0,0,0,0,0,0,0,0,0,0,0,0,0,0,0,0,0,0,0,0,0,0,0,0,0,0,0,0,0,0,0,0,0,0,0,0,0,0,0,0,0,0,0,0,0,0,0,0,0,0,0,0,0,0,0,0,0,0,0,0,0,0,0,0,0,0,0,0,0,0,0,0,0,0,0,0,0,0,0,0,0,0,0,0,0,0,0,0,0,0
0,0,0,0,0,0,0,0,0,0,0,0,0,0,0,0,0,0,0,0,0,0,0,0,0,0,0,0,0,0,0,0,0,0,0,0,0,0,0,0,0,0,0,0,0,0,0,0,0,0,0,0,0,0,0,0,0,0,0,0,0,0,0,0,0,0,0,0,0,0,0,0,0,0,0,0,0,0,0,0,0,0,0,0,0,0,0,0,0,0,0,0,0,0,0,0,0,0,0,0,0,0,0,0,0,0,0,0,0,0,0,0,0,0,0,0,0,0,0,0,0,0,0,0,0,0,0,0,0,0,0,0,0,0,0,0,0,0,0,0,0,0,0,0,0,0,0,0,0,0,0,0,0,0,0,0,0,0,0,0,0,0,0,0,0,0,0,0,0,0,0,0,0,0,0,0,0,0,0,0,0,0,0,0,0,0,0,0,0,0,0,0,0,0,0,0,0,0,0,0
0,0,0,0,0,0,0,0,0,0,0,0,0,0,0,0,0,0,0,0,0,0,0,0,0,0,0,0,0,0,0,0,0,0,0,0,0,0,0,0,0,0,0,0,0,0,0,0,0,0,0,0,0,0,0,0,0,0,0,0,0,0,0,0,0,0,0,0,0,0,0,0,0,0,0,0,0,0,0,0,0,0,0,0,0,0,0,0,0,0,0,0,0,0,0,0,0,0,0,0,0,0,0,0,0,0,0,0,0,0,0,0,0,0,0,0,0,0,0,0,0,0,0,0,0,0,0,0,0,0,0,0,0,0,0,0,0,0,0,0,0,0,0,0,0,0,0,0,0,0,0,0,0,0,0,0,0,0,0,0,0,0,0,0,0,0,0,0,0,0,0,0,0,0,0,0,0,0,0,0,0,0,0,0,0,0,0,0,0,0,0,0,0,0,0,0,0,0,0,0
0,0,0,0,0,0,0,0,0,0,0,0,0,0,0,0,0,0,0,0,0,0,0,0,0,0,0,0,0,0,0,0,0,0,0,0,0,0,0,0,0,0,0,0,0,0,0,0,0,0,0,0,0,0,0,0,0,0,0,0,0,0,0,0,0,0,0,0,0,0,0,0,0,0,0,0,0,0,0,0,0,0,0,0,0,0,0,0,0,0,0,0,0,0,0,0,0,0,0,0,0,0,0,0,0,0,0,0,0,0,0,0,0,0,0,0,0,0,0.055872,0,0,0,0,0,0,0,0,0,0,0,0,0,0,0,0,0,0,0,0,0,0,0,0,0,0,0,0,0,0,0,0,0,0,0,0,0,0,0,0,0,0,0,0,0,0,0,0,0,0,0,0,0,0,0,0,0,0,0,0,0,0,0,0,0,0,0,0,0.023364,0,0,0,0,0,0,0,0,0,0,0,0
0,0.082925,0,0.1482,0.031866,0,0,0,0,0,0,0,0.0052406,0,0,0.078764,0.025425,0,0,0.087261,0,0,0,0.052296,0.05885,0.019213,0,0,0,0,0,0,0.19134,0,0,0,0.047703,0,0,0,0,0.052726,0.093947,0.15075,0,0.078371,0,0,0,0.063494,0,0.012414,0.16009,0,0.10502,0.057463,0,0,0,0,0.030234,0,0,0,0,0,0,0,0,0,0,0,0,0,0.11552,0,0.044077,0.12473,0,0,0,0,0,0.028182,0,0.051618,0,0,0,0.17056,0,0,0,0.0059078,0.0010286,0.11657,0,0,0.022118,0,0.051215,0,0,0,0,0,0,0,0,0,0.16096,0.042401,0,0,0,0,0,0,0,0,0.013888,0,0,0.045821,0,0.054654,0,0.048144,0,0,0.123,0,0,0,0,0,0.073706,0.0014303,0.10296,0.19688,0,0.050651,0,0,0,0.053355,0,0,0,0,0,0,0.065747,0,0,0.16503,0,0.055332,0,0,0.08641,0.14617,0.074559,0,0,0,0,0,0,0.029554,0,0.096985,0,0,0,0,0,0,0,0,0,0.0068078,0.15967,0,0,0,0.062929,0.052218,0.00026131,0,0,0,0,0,0.044387,0,0,0,0.059107,0.090863
0.24395,0.078363,0,0.0023373,0.18623,0,0.010919,0.044348,0,0,0,0,0.072448,0,0,0.041011,0,0,0.072421,0.07955,0,0,0.096841,0.055076,0.17057,0.037192,0.01382,0,0.058086,0,0,0.10062,0,0.18687,0.0089307,0.22479,0,0.03349,0,0,0.032337,0,0.062795,0.022175,0,0.0063173,0,0,0.046731,0.045996,0,0,0.094678,0,0.12413,0.073653,0,0.049559,0,0,0,0.04271,0.099936,0,0.23175,0.076877,0,0.1717,0,0.04156,0.15666,0.11977,0.12398,0,0,0.025555,0.0050309,0.029229,0,0.093803,0.23894,0.075304,0,0.025928,0.075033,0.23276,0.024044,0.02321,0,0,0.042668,0.015352,0.024535,0.030056,0,0.041276,0.20429,0,0.27443,0,0,0,0.0093791,0.066551,0.30758,0,0,0,0,0.22961,0,0.042019,0.20092,0,0.063848,0.11988,0.01298,0,0.019224,0.040769,0,0,0.082715,0.1565,0,0,0.2081,0.08668,0.16089,0,9.9433e-05,0,0.031602,0.11218,0.044409,0.089386,0.14607,0.079462,0.14707,0.033808,0.087377,0.046131,0.24354,0.18939,0.19474,0.091699,0.13266,0,0,0,0,0.039715,0.057525,0,0,0.054899,0,0,0.20613,0,0.084328,0.0091371,0,0,0,0.093191,0.068714,0,0.0088603,0.2452,0.16662,0,0,0.02289,0,0,0.11559,0,0,0.10469,0.070491,0.030527,0,0.0233,0.044567,0,0.13703,0.0029442,0.17503,0.16517,0.074395,0,0,0.11326,0.042751,0.19938,0.20558,0,0.068724,0.10602
0,0,0,0,0,0,0,0,0,0,0,0,0,0,0,0,0,0,0,0,0,0,0,0,0,0,0,0,0,0,0,0,0,0,0,0,0,0,0,0,0,0,0,0,0,0,0,0,0,0,0,0,0,0,0,0,0,0,0,0,0,0,0,0,0,0,0,0,0,0,0,0,0,0,0,0,0,0,0,0,0,0,0,0,0,0,0,0,0,0,0,0,0,0,0,0,0,0,0,0,0,0,0,0,0,0,0,0,0,0,0,0,0,0,0,0,0,0,0,0,0,0,0,0,0,0,0,0,0,0,0,0,0,0,0,0,0,0,0,0,0,0,0,0,0,0,0,0,0,0,0,0,0,0,0,0,0,0,0,0,0,0,0,0,0,0,0,0,0,0,0,0,0,0,0,0,0,0,0,0,0,0,0,0,0,0,0,0,0,0,0,0,0,0,0,0,0,0,0,0
0,0,0,0,0,0,0,0,0,0,0,0,0,0,0,0,0,0,0,0,0,0,0,0,0,0,0,0,0,0,0,0,0,0,0,0,0,0,0,0,0,0,0,0,0,0,0,0,0,0,0,0,0,0,0,0,0,0,0,0,0,0,0,0,0,0,0,0,0,0,0,0,0,0,0,0,0,0,0,0,0,0,0,0,0,0,0,0,0,0,0,0,0,0,0,0,0,0,0,0,0,0,0,0,0,0,0,0,0,0,0,0,0,0,0,0,0,0,0,0,0,0,0,0,0,0,0,0,0,0,0,0,0,0,0,0,0,0,0,0,0,0,0,0,0,0,0,0,0,0,0,0,0,0,0,0,0,0,0,0,0,0,0,0,0,0,0,0,0,0,0,0,0,0,0,0,0,0,0,0,0,0,0,0,0,0,0,0,0,0,0,0,0,0,0,0,0,0,0,0
0,0,0,0,0,0,0,0,0,0,0,0,0,0,0,0,0,0,0,0,0,0,0,0,0,0,0,0,0,0,0,0,0,0,0,0,0,0,0,0,0,0,0,0,0,0,0,0,0,0,0,0,0,0,0,0,0,0,0,0,0,0,0,0,0,0,0,0,0,0,0,0,0,0,0,0,0,0,0,0,0,0,0,0,0,0,0,0,0,0,0,0,0,0,0,0,0,0,0,0,0,0,0,0,0,0,0,0,0,0,0,0,0,0,0,0,0,0,0,0,0,0,0,0,0,0,0,0,0,0,0,0,0,0,0,0,0,0,0,0,0,0,0,0,0,0,0,0,0,0,0,0,0,0,0,0,0,0,0,0,0,0,0,0,0,0,0,0,0,0,0,0,0,0,0,0,0,0,0,0,0,0,0,0,0,0,0,0,0,0,0,0,0,0,0,0,0,0,0,0
0,0,0,0,0,0,0,0,0,0,0,0,0,0,0,0,0,0,0,0,0,0,0,0,0,0,0,0,0,0,0,0,0,0,0,0,0,0,0,0,0,0,0,0,0,0,0,0,0,0,0,0,0,0,0,0,0,0,0,0,0,0,0,0,0,0,0,0,0,0,0,0,0,0,0,0,0,0,0,0,0,0,0,0,0,0,0,0,0,0,0,0,0,0,0,0,0,0,0,0,0,0,0,0,0,0,0,0,0,0,0,0,0,0,0,0,0,0,0,0,0,0,0,0,0,0,0,0,0,0,0,0,0,0,0,0,0,0,0,0,0,0,0,0,0,0,0,0,0,0,0,0,0,0,0,0,0,0,0,0,0,0,0,0,0,0,0,0,0,0,0,0,0,0,0,0,0,0,0,0,0,0,0,0,0,0,0,0,0,0,0,0,0,0,0,0,0,0,0,0
0,0,0,0,0,0,0,0,0,0,0,0,0,0,0,0,0,0,0,0,0,0,0,0,0,0,0,0,0,0,0,0,0,0,0,0,0,0,0,0,0,0,0,0,0,0,0,0,0,0,0,0,0,0,0,0,0,0,0,0,0,0,0,0,0,0,0,0,0,0,0,0,0,0,0,0,0,0,0,0,0,0,0,0,0,0,0,0,0,0,0,0,0,0,0,0,0,0,0,0,0,0,0,0,0,0,0,0,0,0,0,0,0,0,0,0,0,0,0,0,0,0,0,0,0,0,0,0,0,0,0,0,0,0,0,0,0,0,0,0,0,0,0,0,0,0,0,0,0,0,0,0,0,0,0,0,0,0,0,0,0,0,0,0,0,0,0,0,0,0,0,0,0,0,0,0,0,0,0,0,0,0,0,0,0,0,0,0,0,0,0,0,0,0,0,0,0,0,0,0
0,0,0,0,0,0,0,0,0,0,0,0,0,0,0,0,0,0,0,0,0,0,0,0,0,0,0,0,0,0,0,0,0,0,0,0,0,0,0,0,0,0,0,0,0,0,0,0,0,0,0,0,0,0,0,0,0,0,0,0,0,0,0,0,0,0,0,0,0,0,0,0,0,0,0,0,0,0,0,0,0,0,0,0,0,0,0,0,0,0,0,0,0,0,0,0,0,0,0,0,0,0,0,0,0,0,0,0,0,0,0,0,0,0,0,0,0,0,0,0,0,0,0,0,0,0,0,0,0,0,0,0,0,0,0,0,0,0,0,0,0,0,0,0,0,0,0,0,0,0,0,0,0,0,0,0,0,0,0,0,0,0,0,0,0,0,0,0,0,0,0,0,0,0,0,0,0,0,0,0,0,0,0,0,0,0,0,0,0,0,0,0,0,0,0,0,0,0,0,0
0,0,0,0,0,0,0,0,0,0,0,0,0,0,0,0,0,0,0,0,0,0,0,0,0,0,0,0,0,0,0,0,0,0,0,0,0,0,0,0,0,0,0,0,0,0,0,0,0,0,0,0,0,0,0,0,0,0,0,0,0,0,0,0,0,0,0,0,0,0,0,0,0,0,0,0,0,0,0,0,0,0,0,0,0,0,0,0,0,0,0,0,0,0,0,0,0,0,0,0,0,0,0,0,0,0,0,0,0,0,0,0,0,0,0,0,0,0,0,0,0,0,0,0,0,0,0,0,0,0,0,0,0,0,0,0,0,0,0,0,0,0,0,0,0,0,0,0,0,0,0,0,0,0,0,0,0,0,0,0,0,0,0,0,0,0,0,0,0,0,0,0,0,0,0,0,0,0,0,0,0,0,0,0,0,0,0,0,0,0,0,0,0,0,0,0,0,0,0,0
0,0.024921,0,0,0.12668,0.0095323,0,0.048115,0.010607,0.13265,0,0,0,0.049447,0,0,0.0054663,0.099909,0,0,0,0,0.16377,0.056222,0.11171,0,0.11784,0,0.25256,0,0,0,0.11221,0.031161,0,0,0.006431,0.14091,0,0,0,0,0.12462,0,0,0.031872,0,0.066807,0,0.066492,0.017101,0,0,0,0,0,0,0,0.043149,0,0,0,0,0,0,0,0,0,0,0.1319,0,0,0,0,0.083505,0,0,0,0,0,0,0.025699,0,0.054624,0,0,0.20571,0,0,0.0089117,0.077588,0,0,0.077787,0,0,0,0.1304,0,0,0.11516,0,0.20459,0,0,0,0.081306,0,0,0,0,0,0,0,0,0,0,0,0,0,0,0.075181,0.19251,0,0,0.070379,0,0,0,0,0,0,0,0.047131,0,0,0,0,0.048251,0.026087,0,0,0,0,0,0,0.070531,0,0.029214,0,0,0,0,0,0,0,0.21161,0,0,0,0.021733,0,0.014437,0,0.017296,0,0,0,0,0.00029301,0,0,0,0,0,0,0,0,0,0,0,0,0.063753,0.019735,0,0,0.011498,0,0,0,0,0,0,0,0,0,0,0.065932,0.068593,0
0.096175,0,0.18979,0,0,0.15307,0.014135,0.02983,0,0.018652,0.16486,0.11797,0.082891,0.13692,0.010796,0.19345,0.20042,0.051112,0.072309,0,0.082644,0.060905,0.061417,0,0,0,0.12989,0.13353,0.021271,0.053656,0,0,0,0.10482,0,0.1246,0.044134,0.014331,0.10667,0,0.14157,0.16357,0,0.023525,0.088939,0,0.087751,0.080622,0.17081,0,0.062628,0,0.0021795,0.03871,0,0,0,0,0.055645,0.10622,0,0,0.0053189,0.014995,0.043763,0.051287,0,0,0.095053,0,0.0018096,0.038015,0.045128,0,0.043239,0.17749,0,0.017375,0.029444,0.05058,0,0,0.26174,0,0.18208,0.04228,0,0.13121,0,0.078424,0.063856,0.093514,0,0,0,0,0,0,0.16181,0,0.13169,0,0,0.019263,0.0053294,0.047132,0.08408,0.059626,0.019196,0.10568,0.1407,0.016666,0.024482,0,0,0.083584,0.014699,0.24995,0,0,0.13284,0.10837,0,0.1034,0.20368,0,0.1003,0.0060906,0.052876,0.038301,0,0,0.15057,0.026253,0,0,0,0,0,0,0,0,0.019835,0.062607,0,0,0,0.067806,0.012527,0,0,0,0,0.12626,0,0.17047,0,0,0.037286,0.074058,0,0,0.07153,0.004604,0.15314,0,0.01341,0.14393,0.13972,0,0.003504,0,0,0.073408,0.1354,0,0.087134,0,0.14863,0.046465,0,0,0,0.036,0.037169,0.056872,0,0,0.10575,0.013604,0.15405,0,0.17955,0.056545,0.011235,0,0,0,0,0.11293
0.045636,0.12172,0,0,0.064559,0.062379,0.17512,0.019031,0,0.043943,0,0,0,0.055251,0,0.093003,0.037111,0.15131,0.011101,0.01848,0.084586,0,0.069104,0,0,0,0,0,0,0,0.16109,0,0.12842,0.12116,0.22587,0.019059,0,0,0,0.048853,0,0,0,0,0,0,0,0,0.0018266,0,0,0.13456,0,0,0.047031,0.028922,0.15486,0.21971,0.031043,0,0,0.12036,0,0.16229,0.047484,0.025574,0.05292,0,0,0.050199,0,0.0035268,0,0.12649,0,0.10437,0.046244,0.055019,0,0,0,0,0,0.012343,0,0.054107,0,0,0.31533,0,0,0,0.29573,0.020079,0,0.0029926,0,0,0.041221,0,0,0,0.019822,0.21832,0,0.0051513,0.02528,0,0,0,0,0.17046,0,0.16992,0.21691,0,0.21468,0.02019,0.083078,0,0,0,0,0,0,0.10682,0.075334,0,0.0024444,0,0.17098,0.2698,0.10959,0.11202,0.074848,0.12829,0.12474,0,0,0,0,0,0,0.08028,0,0,0,0.076096,0.014613,0.1357,0.051004,0.18806,0,0.0066832,0.26162,0.014337,0,0,0,0,0.069401,0,0,0.22545,0,0,0,0,0.074217,0.013885,0,0,0.12246,0,0,0.26207,0.28627,0.090892,0,0.067954,0,0.062129,0,0.13249,0,0.14188,0,0.16059,0,0,0,0.17141,0,0,0.060579,0.10834,0,0,0.077467,0
0,0,0,0,0,0,0,0,0,0,0,0,0,0,0,0,0,0,0,0,0,0,0,0,0,0,0,0,0,0,0,0,0,0,0,0,0,0,0,0,0,0,0,0,0,0,0,0,0,0,0,0,0,0,0,0,0,0,0,0,0,0,0,0,0,0,0,0,0,0,0,0,0,0,0,0,0,0,0,0,0,0,0,0,0,0,0,0,0,0,0,0,0,0,0,0,0,0,0,0,0,0,0,0,0,0,0,0,0,0,0,0,0,0,0,0,0,0,0,0,0,0,0,0,0,0,0,0,0,0,0,0,0,0,0,0,0,0,0,0,0,0,0,0,0,0,0,0,0,0,0,0,0,0,0,0,0,0,0,0,0,0,0,0,0,0,0,0,0,0,0,0,0,0,0,0,0,0,0,0,0,0,0,0,0,0,0,0,0,0,0,0,0,0,0,0,0,0,0,0
0,0,0,0,0,0,0,0,0,0,0,0,0,0,0,0,0,0,0,0,0,0,0,0,0,0,0,0,0,0,0,0,0,0,0,0,0,0,0,0,0,0,0,0,0,0,0,0,0,0,0,0,0,0,0,0,0,0,0,0,0,0,0,0,0,0,0,0,0,0,0,0,0,0,0,0,0,0,0,0,0,0,0,0,0,0,0,0,0,0,0,0,0,0,0,0,0,0,0,0,0,0,0,0,0,0,0,0,0,0,0,0,0,0,0,0,0,0,0,0,0,0,0,0,0,0,0,0,0,0,0,0,0,0,0,0,0,0,0,0,0,0,0,0,0,0,0,0,0,0,0,0,0,0,0,0,0,0,0,0,0,0,0,0,0,0,0,0,0,0,0,0,0,0,0,0,0,0,0,0,0,0,0,0,0,0,0,0,0,0,0,0,0,0,0,0,0,0,0,0
0,0,0,0,0,0,0,0,0,0,0,0,0,0,0,0,0,0,0,0,0,0,0,0,0,0,0,0,0,0,0,0,0,0,0,0,0,0,0,0,0,0,0,0,0,0,0,0,0,0,0,0,0,0,0,0,0,0,0,0,0,0,0,0,0,0,0,0,0,0,0,0,0,0,0,0,0,0,0,0,0,0,0,0,0,0,0,0,0,0,0,0,0,0,0,0,0,0,0,0,0,0,0,0,0,0,0,0,0,0,0,0,0,0,0,0,0,0,0,0,0,0,0,0,0,0,0,0,0,0,0,0,0,0,0,0,0,0,0,0,0,0,0,0,0,0,0,0,0,0,0,0,0,0,0,0,0,0,0,0,0,0,0,0,0,0,0,0,0,0,0,0,0,0,0,0,0,0,0,0,0,0,0,0,0,0,0,0,0,0,0,0,0,0,0,0,0,0,0,0
0,0,0,0,0,0,0,0,0,0,0,0,0,0,0,0,0,0,0,0,0,0,0,0,0,0,0,0,0,0,0,0,0,0,0,0,0,0,0,0,0,0,0,0,0,0,0,0,0,0,0,0,0,0,0,0,0,0,0,0,0,0,0,0,0,0,0,0,0,0,0,0,0,0,0,0,0,0,0,0,0,0,0,0,0,0,0,0,0,0,0,0,0,0,0,0,0,0,0,0,0,0,0,0,0,0,0,0,0,0,0,0,0,0,0,0,0,0,0,0,0,0,0,0,0,0,0,0,0,0,0,0,0,0,0,0,0,0,0,0,0,0,0,0,0,0,0,0,0,0,0,0,0,0,0,0,0,0,0,0,0,0,0,0,0,0,0,0,0,0,0,0,0,0,0,0,0,0,0,0,0,0,0,0,0,0,0,0,0,0,0,0,0,0,0,0,0,0,0,0
0,0,0,0,0,0,0,0,0,0,0,0,0,0,0,0,0,0,0,0,0,0,0,0,0,0,0,0,0,0,0,0,0,0,0,0,0,0,0,0,0,0,0,0,0,0,0,0,0,0,0,0,0,0,0,0,0,0,0,0,0,0,0,0,0,0,0,0,0,0,0,0,0,0,0,0,0,0,0,0,0,0,0,0,0,0,0,0,0,0,0,0,0,0,0,0,0,0,0,0,0,0,0,0,0,0,0,0,0,0,0,0,0,0,0,0,0,0,0,0,0,0,0,0,0,0,0,0,0,0,0,0,0,0,0,0,0,0,0,0,0,0,0,0,0,0,0,0,0,0,0,0,0,0,0,0,0,0,0,0,0,0,0,0,0,0,0,0,0,0,0,0,0,0,0,0,0,0,0,0,0,0,0,0,0,0,0,0,0,0,0,0,0,0,0,0,0,0,0,0
0,0,0,0,0,0,0,0,0,0,0,0,0,0,0,0,0,0,0,0,0,0,0,0,0,0,0,0,0,0,0,0,0,0,0,0,0,0,0,0,0,0,0,0,0,0,0,0,0,0,0,0,0,0,0,0,0,0,0,0,0,0,0,0,0,0,0,0,0,0,0,0,0,0,0,0,0,0,0,0,0,0,0,0,0,0,0,0,0,0,0,0,0,0,0,0,0,0,0,0,0,0,0,0,0,0,0,0,0,0,0,0,0,0,0,0,0,0,0,0,0,0,0,0,0,0,0,0,0,0,0,0,0,0,0,0,0,0,0,0,0,0,0,0,0,0,0,0,0,0,0,0,0,0,0,0,0,0,0,0,0,0,0,0,0,0,0,0,0,0,0,0,0,0,0,0,0,0,0,0,0,0,0,0,0,0,0,0,0,0,0,0,0,0,0,0,0,0,0,0
0,0,0,0,0,0,0,0,0,0,0,0,0,0,0,0,0,0,0,0,0,0,0,0,0,0,0,0,0,0,0,0,0,0,0,0,0,0,0,0,0,0,0,0,0,0,0,0,0,0,0,0,0,0,0,0,0,0,0,0,0,0,0,0,0,0,0,0,0,0,0,0,0,0,0,0,0,0,0,0,0,0,0,0,0,0,0,0,0,0,0,0,0,0,0,0,0,0,0,0,0,0,0,0,0,0,0,0,0,0,0,0,0,0,0,0,0,0,0,0,0,0,0,0,0,0,0,0,0,0,0,0,0,0,0,0,0,0,0,0,0,0,0,0,0,0,0,0,0,0,0,0,0,0,0,0,0,0,0,0,0,0,0,0,0,0,0,0,0,0,0,0,0,0,0,0,0,0,0,0,0,0,0,0,0,0,0,0,0,0,0,0,0,0,0,0,0,0,0,0
0,0,0,0,0,0,0,0,0.018008,0,0,0,0,0,0,0,0,0,0.066038,0,0,0,0.14909,0,0.055063,0,0,0,0,0,0.12288,0.1269,0,0,0,0,0.053796,0.012119,0,0,0.032831,0,0.012861,0,0,0,0.0066514,0,0.137,0,0,0.1503,0,0,0,0,0,0,0,0,0.04517,0,0,0,0,0.1497,0,0,0,0.032577,0,0.18159,0,0,0,0,0,0,0,0.17116,0,0.089011,0.12286,0,0.14472,0,0,0.15289,0,0,0,0.040068,0,0,0.10446,0,0.019332,0.026001,0,0.065374,0,0.0029386,0.089307,0,0.071877,0,0,0,0,0,0.0066951,0,0,0,0,0,0,0,0,0,0.020636,0,0,0.10234,0,0,0,0,0,0,0,0,0,0,0,0,0,0,0,0,0,0,0.039713,0,0,0,0.1235,0,0,0,0,0,0,0,0,0,0.022476,0.0082933,0,0,0,0,0,0,0,0.042243,0,0,0,0,0,0.02046,0,0,0,0,0,0,0,0,0,0,0.028892,0,0,0,0,0,0.12411,0.0088665,0,0,0,0,0,0.020392,0.097478,0.023897,0,0
0,0,0.029472,0.060006,0,0.10471,0.082169,0,0.00049143,0,0.087587,0.022343,0.15634,0,0.10793,0,0.052763,0,0.15567,0,0.1051,0.004311,0,0.23793,0,0.069467,0.086035,0.039002,0.068131,0.045993,0.040122,0.18605,0.0087714,0,0.17749,0,0,0,0.078265,0.011251,0.13611,0.00081698,0,0.19038,0.0054824,0.17746,0.079651,0.054511,0.046494,0.051228,0.11565,0.0047126,0.10407,0.05283,0,0,0.11847,0.21143,0,0.0039621,0.012826,0.11818,0.097387,0.1448,0,0,0.0034004,0.060981,0.046004,0.020424,0.010016,0.035379,0.07391,0.055259,0.199,0,0,0,0.056873,0.15063,0.044361,0.1222,0.063382,0.182,0.0095488,0,0.26209,0.027032,0.0064674,0.12462,0.002237,0.087199,0.11553,0,0.025673,0,0.064913,0.08351,0,0.07159,0.075191,0.01668,0.14934,0.072726,0.030519,0,0,0.099094,0.05676,0.005189,0.087212,0.21693,0.048003,0.066454,0.10295,0.021466,0.11449,0,0,0.068854,0,0.15839,0.037113,0,0.055635,0.023646,0,0.02748,0,0.16661,0,0.074231,0,0,0.041978,0.034419,0,0.0071837,0.0852,0.022206,0.13802,0.016796,0.04996,0,0.13703,0.088575,0.10658,0.067361,0,0.12337,0.013773,0.10512,0.057782,0,0.11997,0,0.013679,0.13976,0.07123,0.051893,0,0.075918,0.2233,0.070731,0.044482,0.21492,0.11243,0.081601,0.047691,0,0.11829,0.05085,0.087161,0.22368,0.034044,0.02351,0,0.030238,0.029253,0,0.158,0,0.10424,0,0.095323,0.18304,0.027653,0,0,0.087752,0.084516,0.066858,0.092466,0.090453,0.22915,0.071978,0.017613,0.011731,0,0.038166
0,0,0.025253,0.14323,0,0,0,0,0.0046838,0,0.052183,0.053817,0,0,0.11217,0,0,0,0,0.014604,0,0.19617,0,0,0,0.14493,0,0.078302,0,0.01577,0.11311,0.075883,0,0,0.037379,0,0,0.22378,0.089334,0.088996,0,0.16313,0.14924,0,0.15205,0,0.057806,0.0061971,0,0,0.0090547,0.012052,0,0.1092,0.038873,0.096857,0.0090501,0.061917,0.25803,0.1896,0.19663,0.066263,0,0,0,0,0.091719,0.013364,0.10319,0,0,0,0,0.18421,0,0,0.18116,0,0.088947,0,0.046507,0,0.0036098,0,0,0,0.0034682,0,0.019722,0,0,0,0.0016051,0.21205,0.047515,0.10929,0.052717,0.055499,0,0.085533,0.083646,0.053506,0,0,0,0.194,0,0.15165,0.0018196,0,0,0,0,0.065379,0.038026,0,0,0.053379,0.13236,0.12881,0.12237,0.015326,0.11723,0,0.0019364,0.12328,0,0,0,0.016918,0.021121,0.019677,0,0,0.13318,0.010223,0.024835,0.1068,0,0,0.00063731,0.084386,0,0,0.074802,0.0096357,0,0,0,0.0084491,0.050248,0.024915,0.065318,0.16165,0.026573,0,0.11963,0.039699,0,0.0165,0.048674,0.079913,0,0,0.09613,0.025283,0,0.047026,0,0.066185,0,0.10821,0.031958,0,0.27104,0.010183,0,0.016575,0.25592,0,0.010331,0.033034,0,0.089868,0,0,0,0.056473,0,0,0,0.052206,0.02626,0,0,0.0030436,0.10257,0.086464,0,0
0.10683,0.032158,0.076463,0.022931,0.059069,0.010749,0,0.10579,0.35349,0.058362,0.067338,0.031324,0,0.018166,0.079898,0.040728,0,0.033334,0,0.054718,0.13039,0.06347,0,0.080229,0.071346,0.091412,0,0.19114,0,0.21814,0.020109,0.019988,0.0017056,0.015737,0,0.010148,0.27611,0,0.052742,0.071162,0,0.087505,0,0,0.030472,0.08442,0.15661,0.086694,0,0,0.2304,0,0,0.050882,0,0,0.076732,0,0.0058803,0.0046137,0.06164,0,0,0.13867,0.030105,0.04032,0.065424,0.044619,0.11768,0,0,0,0,0.053768,0,0.0036783,0,0.19036,0.11448,0,0.08435,0.023407,0.062482,0,0,0.0055513,0.037407,0,0.12824,0,0,0,0,0,0.090338,0.13346,0.046357,0.056251,0.0003578,0.043305,0,0.20644,0,0,0.22475,0.0092744,0.015545,0.057679,0.03315,0.096516,0,0,0.1003,0.077682,0,0.077406,0,0.027972,0,0.013917,0.08563,0.12907,0.052771,0.082706,0.079849,0,0.011654,0,0.061024,0.033844,0,0.051037,0.0096626,0.064886,0,0,0,0.12086,0.065782,0.14748,0.023038,0.13905,0.11024,0.099481,0.11182,0.15351,0.047866,0.092614,0.16829,0.10801,0.14958,0,0.0023226,0.071905,0.060963,0.11564,0.035203,0.0852,0.074785,0.096108,0,0.038221,0,0.031725,0.038503,0.015312,0.046302,0.16851,0,0,0.065936,0.055264,0.11111,0.025114,0.020043,0.022625,0.017786,0.11671,0.03037,0.073416,0.049413,0.23837,0.11956,0,0.057062,0.058415,0.20723,0,0,0,0,0.068982,0.10577,0.054296,0,0,0.058039,0.16468,0.066748,0
